sequence,toxic,hemolytic
ACCDPDWCDAGCYDGCC,1,
ACCPYEPSCCI,1,
ACCSNPACRVNNPHVC,1,
ACCSYPPCNVNYPEICGGR,1,
ACGSCRKKCKGPGKCINGRCKCY,1,
ACGSCRKKCKGSGKCINGRCKCY,1,
ACVPVYEECGTPKKRCCEERPCK,1,
ADECCSNPACRVNNPHVC,1,
ADNKNPLEECFRETNYEEFLEIAR,1,
ADNRRPIWV,1,
ADNRRPIWVM,1,
ADSRKPI,1,
ADSRKPIWI,1,
ADVPGNYPLDKNGNRYY,1,
ADVPGNYPLNSYGASYYCTI,1,
AECCSNPACRVNNPHVC,1,
AECMVDETVCYIHNHNNC,1,
AFVKGSAQRVAHGY,1,
AGCCPTIMYKTGACRTNRC,1,
AGIGKIGDFIKKAIAKYKN,1,
AIKLTCCSELTCAGNYPNIC,1,
AKGKGAKASR,1,
AKTGILDSDGPTVAGNSLSGT,1,
ALAGTIIAGASLTFKILDEV,1,
ALCCYGYRFCCPNFR,1,
ALKCQGWVDYCNGNVECCNECVMY,1,
APANSVWS,1,
APGCCNNPACVKHRC,1,
ARDECCSNPACRVNNPHVC,1,
ASDAAHQGCCSNPVCHVEHPELC,1,
ATRATNGGYTTYTTNGT,1,
AYCCHPACGKNFDC,1,
CAGAGAKCSRLMYDCCTGSCRSGKC,1,
CCDDSECDYSCWPCCIFS,1,
CCDDSECDYSCWPCCMF,1,
CCDLPCNAGCVPCC,1,
CCDPDWCDAGCYDGCC,1,
CCDRPCGIGCVPCCLP,1,
CCDRPCSIGCVPCCLP,1,
CCDWEWCDELCSCCW,1,
CCDWPCGIGCIPCCLP,1,
CCDWPCNAGCVPCCF,1,
CCDWPCTIGCVPCC,1,
CCDWPCTIGCVPCCLP,1,
CCEAPFCNAGCTCCNP,1,
CCEEPFCNAGCACCNP,1,
CCELPCHGCVPCCWP,1,
CCEPQWCDGACDCCS,1,
CCFLSGCFECW,1,
CCFWPACWGCVCCY,1,
CCFWPMCGGCDCCYL,1,
CCGPTACLAGCKPCC,1,
CCGPTACLAGCKPCCY,1,
CCGPTACMAGCRPCC,1,
CCGVPNAACHPCVCKNTC,1,
CCGVPNAACHPCVCTGKC,1,
CCHAPYCTPPHLGCPCC,1,
CCHPACAERYNC,1,
CCHPACGKHFNC,1,
CCHPACGQNTSC,1,
CCHPACGQNYSC,1,
CCHPACGRKYNC,1,
CCHPACGRKYNCGR,1,
CCHPSCGRKYNC,1,
CCHSSWCKHLC,1,
CCHWNWCDHLCSCCGS,1,
CCHWPYCAPPPLGCRCC,1,
CCIKFHPCCHN,1,
CCILCWKCTYNCCRAW,1,
CCISPACHEECYCC,1,
CCISPACHEECYCCQ,1,
CCITFESCCEFDL,1,
CCIWPECGSCVCCL,1,
CCKQSCTTCMPCCW,1,
CCKVLCESCTPCC,1,
CCKVQCESCTPCC,1,
CCKVQCESCTSCC,1,
CCKYGWTCVLGCSPCGC,1,
CCKYGWTCWLGCSPCGC,1,
CCLWPECGGCVCCY,1,
CCLWPECGGCVCCYL,1,
CCMALCSRYHCLPCC,1,
CCMTCFGCTPCC,1,
CCNAGFCRFGCTPCCY,1,
CCNCSSKWCRDHSRCCGR,1,
CCNWPCSFGCIPCCY,1,
CCPESPPCCHYF,1,
CCPGWELCCEWDDGW,1,
CCPGWELCCEWDDWW,1,
CCPGWELCCEWDEW,1,
CCPKEWCNRDCSCCT,1,
CCPNKPCCFI,1,
CCPNLFYCCPD,1,
CCPPVACNMGCKPCC,1,
CCPRKIWCCMIP,1,
CCPRRLACCII,1,
CCQAACSPWLCLPCC,1,
CCQAACSPWPCLPCC,1,
CCQAGCSRYMCLPCCQ,1,
CCQIVPQCCEWN,1,
CCQVMPQCCEWN,1,
CCRLLCLSCNPCC,1,
CCRLRRCKTHCHCCVYRP,1,
CCRRGYMGCIPCCF,1,
CCSDSDCNANHPDMCS,1,
CCSLRRCEPHCHCCVQRH,1,
CCSNPACRVNNPHVC,1,
CCSQDCLVCIPCCPN,1,
CCSQDCRVCIPCCPH,1,
CCSQDCRVCIPCCPN,1,
CCSQDCRVCIPCCPY,1,
CCSQDCSVCIPCCP,1,
CCSQDCSVCIPCCPN,1,
CCSQDCSVCIPCCPPP,1,
CCSQDCSVCIPCCPW,1,
CCSQDCWVCIPCCPN,1,
CCSRDCLVCIPCCPYGSD,1,
CCSRDCWVCIPCCPNGSA,1,
CCSRHCWVCIPCCPN,1,
CCSRHCWVCIPCCPNGS,1,
CCSRHCWVCIPCCPNGSA,1,
CCSRNCAVCIPCCPNWPA,1,
CCSRRCWVCIPCCPNGS,1,
CCSRYCWKCIPCCPY,1,
CCSVSICQPPPVCECCA,1,
CCSVSICQSPPVCECCA,1,
CCSWDVCDHPSCTCC,1,
CCSWDVCDHPSCTCCG,1,
CCSWDVCDRPSCACC,1,
CCSYPPCNVSYPEICG,1,
CCTACRMPPCKCCA,1,
CCTALCSRYHCLPCC,1,
CCTGSCRSGKC,1,
CCTQSCTTCFPCC,1,
CCTVCTTGCVVCC,1,
CCVVCNAGCSGNCCP,1,
CCWNRACTRLVPCSK,1,
CFESWVACESPKRCCSHVCLFVCA,1,
CFESWVACESPKRCCSHVCLFVCT,1,
CFIRNCPKG,1,
CFIRNCPP,1,
CKAAGKSCSRIAYNCCTGSCRSGKC,1,
CKGAGAKCSRLMYDCCTGSCRSGKC,1,
CKGAGAKCSRLPYDCCTGSCRSGAC,1,
CKGKGACSRLMYKCC,1,
CKGKGAKCCRSGKC,1,
CKGKGAKCRKTSYDCCTGSCRSGKC,1,
CKGKGAKCSLLMYDCCTGSCRSGKC,1,
CKGKGAKCSR,1,
CKGKGAKCSRAMYDCCTGSCRSGKC,1,
CKGKGAKCSRLMFDCCTGSCRSGKC,1,
CKGKGAKCSRLMYACCTGSCRSGKC,1,
CKGKGAKCSRLMYDCCTGSCASGKC,1,
CKGKGAKCSRLMYDCCTGSCRSGAC,1,
CKGKGASCHRTSYDCCTGSCNRGKC,1,
CKGKGASCRRTSYGCCTGSCRSGRC,1,
CKGKGASCSRTMYNCCTGSCNRGKC,1,
CKGPGAKCLKTMYDCCKYSCSRGRC,1,
CKSKGSKAARSGKC,1,
CKSTGASCRRTPYDCCTGSCRSGRC,1,
CKSTGASCRRTSYDCCTGSCDRGRC,1,
CLASGETCWRDTSCCSFSCTNNVCF,1,
CLDAGEICDFFFPTCCGYCILLFCA,1,
CLDAGEVCDIFFPTCCGYCILLFCA,1,
CLEFGELCNFFFPTCCGYCVLLVCL,1,
CLEKGVLCDPSAGNCCSGECVLVCL,1,
CLFSGEYCWLDTSCCSKSCTNNVCF,1,
CLGFGEACLILYSDCCGYCVGAICL,1,
CLGFGEACLMLYSDCCSYCVALVCL,1,
CLGFGEACLMLYSDCCSYCVGAVCL,1,
CLGFGEVCNFFFPNCCSYCVALVCL,1,
CLGGGEVCDIFFPQCCGYCILLFCT,1,
CLGSGELCVRDTSCCSMSCTNNICF,1,
CLGSGEQCVRDTSCCSMSCTNNICF,1,
CLGSRELCVRDTSCCSMSCTNNICF,1,
CLGSREQCVRDTSCCSMSCTNNICF,1,
CLGSREQSVRDTSCCSMSCTNNICF,1,
CLTTGETCWLASSCCSFSCTNNVCF,1,
CLTTGEYCWLASSCCSYSCTDNVCF,1,
CLTTGEYCWLASSCCSYSCTNNVCF,1,
CQGRGASCRKTMYNCCSGSCRSGRC,1,
CQGRGASCRKTSYDCCTGSCRSGRC,1,
CQGRGASCRRTSYDCCTGSCRSGRC,1,
CRPSGSPCGVTSICCGRCSRGKCT,1,
CRPSGSPCGVTSICCGRCYRGKCT,1,
CSRLMYDCCTGSC,1,
CSTCLDKP,1,
CTCKDMTDKECLYFCHQDIIW,1,
CVDPGEFCGPGFGDCCTGFCLLVCI,1,
CYDGGTGCDSGNQCCSGWCIFVCL,1,
CYDGGTSCDSGIQCCSGWCIFVCF,1,
CYDGGTSCDSGIQCCSGWCIFVCL,1,
CYDGGTSCNTGNQCCSGWCIFLCL,1,
CYGFGEACLVLYTDCCGYCVLAVCL,1,
DAEEVRESAETLHEISVY,1,
DCCDPKEPCCFI,1,
DCCEQGWCDGGCDCCQ,1,
DCCGVKLEMCHPCLCDNSCKKSGK,1,
DCCGVKLEMCHPCLCDNSCKNYGK,1,
DCCLRHFLCCV,1,
DCCPAKLLCCNP,1,
DCCPAKMFCCQW,1,
DCCRRNFLCC,1,
DCCSLSACVPPPACECC,1,
DCCSMSACVPPPACECC,1,
DCCVMPWCDGACDCCVSS,1,
DCGRCGLGQICDAGACRPSTMM,1,
DDCCPDPACRQNHPEICPS,1,
DDCCPDPACRQNHPELCST,1,
DDCCPNPPCKASNPDLCDWRS,1,
DDDDLEGFSE,1,
DDEVEIIVL,1,
DECCEPQWCDGACDCCS,1,
DECCPDPPCKASNPDLCDWRS,1,
DECCSDPRCAVKHQDLC,1,
DECCSNPACRLNNPHVCRRR,1,
DECCSNPACRVNNPHVCRRR,1,
DECCSNPPCAQAHPEVC,1,
DECCSRPPCRVNNPHVCRRR,1,
DEPEYAEAIREYQLKYGKI,1,
DGCCSDPACAVNHPDICGG,1,
DGCCSDPACSVNHPDICGG,1,
DGCPPHPVPGMHPCMCTNTC,1,
DGIVGKASSYAAL,1,
DGRCCHPACAKHFNC,1,
DGRCCHPACGKHFSC,1,
DICLSTPDVKSKTCPPG,1,
DNSCTPKPSCFF,1,
DPCCSYPACGANHPEICG,1,
DQCTYCGIYCCPPKFCTSSGCRSP,1,
DQSCPWCGFTCCLPNYCQGLTCTVI,1,
DRLMYD,1,
DSSNLPPNQKQIVD,1,
DWEYHAHPKPNSFW,1,
DWEYHAHPKPNSFWT,1,
DWNGCCVKKAGCCPW,1,
DYCCHRGPCMVWC,1,
EAFPGQST,1,
ECCDDPPCRQNNMEHCPAS,1,
ECCEPSWCDAGCTDGCC,1,
ECCGSFACRFGCVPCCV,1,
ECCHPACGKHFSC,1,
ECCNPACGQHTSC,1,
ECCNPACGRHYSC,1,
ECCPQSPPCCHYYYYGSW,1,
ECCSHPACNVDHPEICR,1,
ECCSNPACRVNNPHVC,1,
ECCTHPACHVSHPELC,1,
ECDNPACGQHTSK,1,
ECENPACGNHTSK,1,
ECENPACGQHTSK,1,
ECGQAWC,1,
ECPPWCPTSHCNAGTC,1,
EDGYLLNRDTGCKVSCGTCRYCND,1,
EECCPNPPCFATNSDICG,1,
EGCCSDPRCSGKHQDLCS,1,
EICCNPACGPKYSC,1,
EKGKEILGKI,1,
ESDRNGRCCHPACARKYNCGR,1,
ESEEGGSNATKKPYIL,1,
ESERNERCCHPACARKYNCGR,1,
ESSNKRENQKQIV,1,
FCCDSNWCNISDCECCY,1,
FCCPFIRYCCW,1,
FCCPVIRYCCW,1,
FCCVFPWCTGCYCC,1,
FCFFTITNMSGGCLV,1,
FCSDPSCRFGNPELCDWRR,1,
FHGGSWYRFPWGY,1,
FHPSLWVLIPQYIQLIRKILKSG,1,1
FLPLLILGSLLMTPPVIQAIHDAQR,1,
FNWRCCLIPACRRNHKKFC,1,
FPRPRICNLACRAGIGYKYPFCHCR,1,
FPRPRICNLACRTGIGYKYPFCHCR,1,
FTCCRRGTCSQHC,1,
GARGCNTGYTAYGCNCC,1,
GCCADPRCRYRCR,1,
GCCADPSCSILMPYFCI,1,
GCCAHLPCALMYTACSW,1,
GCCAMLTCCV,1,
GCCARLTCCV,1,
GCCCNPACGPKYSC,1,
GCCCNPACGPNYGCGTSCS,1,
GCCCNPACGPNYGCGTSCSRPSEP,1,
GCCCNPACGPNYGCGTSCSRTL,1,
GCCDDPPCRARYPFLCI,1,
GCCDDPSCRAENPFLCSWM,1,
GCCDDPSCSIHMPFFCF,1,
GCCDYDWCDEFCYCCE,1,
GCCEPDWCDSGCDDGCC,1,
GCCFHPVCYINLLEMCRQR,1,
GCCGNPSCSIHIPYVCN,1,
GCCGSYPNAACHPCSCKDRPSYCGQ,1,
GCCHLLACRMGCSPCCW,1,
GCCHLLACRMGCTPCCW,1,
GCCHPSTCHMRKGCSRCCS,1,
GCCHPSTCHVRKGCSRCCP,1,
GCCHPSTCHVRKGCSRCCS,1,
GCCIEPLCYQYDCDCCRHL,1,
GCCIEPLCYQYDCDCCRYL,1,
GCCPFPACTHTIICRCC,1,
GCCPIGPCLQSVCSPCCP,1,
GCCPIGPCMQSVCSPCCP,1,
GCCPPQWCGPDCTSPCC,1,
GCCPPSLCDPGCDEGCCPVVTPAC,1,
GCCRWPCPSICGMARCCSS,1,
GCCSDKRCAWRC,1,
GCCSDPPCIANNPDLC,1,
GCCSDPPCRNKHPDLCG,1,
GCCSDPRCAWRC,1,
GCCSDPRCAYRCR,1,
GCCSDPRCKHEC,1,
GCCSDPRCKHQC,1,
GCCSDPRCNMNNPDYC,1,
GCCSDPRCNYDHPEICGGAAGG,1,
GCCSDPRCRWRCR,1,
GCCSDPRCRYRC,1,
GCCSDPRCRYRCR,1,
GCCSDVRCRYRCR,1,
GCCSFAACRKYRPEMCG,1,
GCCSFPACRKYRPEMCG,1,
GCCSHPACAGNNPHIC,1,
GCCSHPACAGNNPHICS,1,
GCCSHPACAGSNAHIC,1,
GCCSHPACNVNNPHIC,1,
GCCSHPACSGKYQPYCRPS,1,
GCCSHPACSGNNPEFCRQ,1,
GCCSHPACSGNNREYCRES,1,
GCCSHPPCAQNNQDYC,1,
GCCSHPPCFLNNPDYC,1,
GCCSHPVCSAMSPIC,1,
GCCSLPPCAANNPDYC,1,
GCCSLPPCAASNPDYC,1,
GCCSLPPCALSNPDYC,1,
GCCSNLACAGNNLHIC,1,
GCCSNPACAGSNAHIC,1,
GCCSNPACMVNNPQIC,1,
GCCSNPPCIAKNPHMCGGRR,1,
GCCSNPPCYANNQAYCN,1,
GCCSNPVCFATHSNLC,1,
GCCSNPVCHLEHSNLC,1,
GCCSNPVCHLEHSNLCTNG,1,
GCCSNPVCHLEHSNMC,1,
GCCSNPVCHVEHSYMC,1,
GCCSNPVCWQNNAEYCRES,1,
GCCSPPCAANNPDYC,1,
GCCSPWNCIQLRACPCCPN,1,
GCCSRPPCALSNPDYC,1,
GCCSYPPCFATNPDC,1,
GCCSYPPCFATNPDCA,1,
GCCSYPPCFATNPDCAG,1,
GCCSYPPCFATNPDCAGAGA,1,
GCCSYPPCFATNPDCAGG,1,
GCCSYPPCFATNPDCGGAA,1,
GCCSYPPCFATNPDCGGAAAGG,1,
GCCSYPPCFATNPDCGGAAG,1,
GCCSYPPCFATNPDCGGAAGG,1,
GCCSYPPCFATNPDCGGAGGAG,1,
GCCSYPPCFATNSDC,1,
GCCSYPPCFATNSDYC,1,
GCCSYPPCNVSYPEICG,1,
GCCTPPRKCKDRACKPARCCGP,1,
GCCTYPPCAVLSPLCD,1,
GCCVYPPCAVNHPDIC,1,
GCIGRNESQKKDNVYKFKE,1,
GCPADCPNTCDSSNECSPNFP,1,
GCPAECPDTCSSSGSCAPDFI,1,
GCPWDPWC,1,
GCPWEPWC,1,
GCVLLPWC,1,
GCVLYPWC,1,
GCWLCLGPNACCRGSVCHDYCPR,1,
GCWLCLGPNACCRGSVCHDYCPS,1,
GDCPPWCVGARCRAGKC,1,
GDCPWKPWC,1,
GDEEVAKFIEREREAGRLDLSKFP,1,
GDEEYSKFIEREREAGRLDLSKFP,1,
GDEEYSKMAAEREREAGRLDLSKFP,1,
GDTRRQIL,1,
GECCHPACGQNTSC,1,
GEDEYAEGIREYQLIHGKI,1,
GEEEHSKYQECLREIRVNKVQQEC,1,
GEEEHSKYQECLREIRVNNVQQEC,1,
GEEEVAKMAAEREREAGRLDLSKFP,1,
GEEEYQKMLENLREAEVKKNA,1,
GFFFP,1,
GFGCYRSCWKAGHDEETCKAECS,1,
GFGCYRSCWKAGHDEETCKEECS,1,
GFGCYRSCWKAGHDEETCKRECS,1,
GGCCSHPACAANNQDYC,1,
GGCCSHPACAVNHPELC,1,
GGCCSHPVCNLNNPQMCR,1,
GGCCSHPVCYFNNPQMCR,1,
GGCCSHPVCYVNYPQICR,1,
GGCCSRPPCILEHPEIC,1,
GGKPDLRPCHPPCHYIPRPKPR,1,
GHACYRNCWREGNDEETCKERC,1,
GHACYRNCWREGNDEETCKERCG,1,
GHACYRNCWREGNDEETCKKEC,1,
GICCGVSFCYPC,1,
GIRGNCCMFHTCPIDYSRFYCP,1,
GKEGYPTDKRGCKLTCFFT,1,
GLEEELETVELVEELQQA,1,
GLFSTLFHADCCENPACRHTQGC,1,
GLIDVRCYDSSQCE,1,
GLRQKVQSLV,1,
GMWDECCDDPPCRQNNMEHCPAS,1,
GNYYGYCRVHLNTAY,1,
GPMEDPLEIIRI,1,
GPMGWVPVFYRF,1,
GPPCCLYGSCRPFPGCYNALCCRK,1,
GRCCDVPNACSGRWCRDHAQCC,1,
GRCCEGPNGCSSRWCKDHARCC,1,
GRCCHPACGENTSC,1,
GRCCHPACGKYYSC,1,
GRCCHPACGNNTSC,1,
GRCCHPACGPNYSC,1,
GRCCHPACGQNFSC,1,
GRCCHPACGQNTDC,1,
GRCCHPACGQNTKC,1,
GRCCHPACGQNTSC,1,
GRCCNPACGQNTSC,1,
GRCDHPACGNNTSK,1,
GRCDHPACGQNTSK,1,
GRCEHPACGQNTSK,1,
GRGRCCHPACGPNYSC,1,
GRLQAFLAKMKEIAAQTL,1,
GRRND,1,
GRRNH,1,
GSVCCKVDTSCCSN,1,
GTRCARCARTCRTACAT,1,
GVCCGVSFCYPC,1,
GVWDECCKDPQCRQNHMQHCPAR,1,
GYCYHRYYCCSRACKLTTKRCL,1,
HCCPIDLPCCPP,1,
HCCPIDLQCCPP,1,
HGCCKGPEGCSSRECRPQHCC,1,
HGGYKPTDK,1,
HNDGPGRDPAPCCQHPIETCC,1,
HPKPNSFW,1,
HPPCCLYGKCRRYPGCSSASCCQ,1,
HVINLEESFQEPEYENHLA,1,
IADECCSNPACRVNNPHVC,1,
ICCNPACGPKYSC,1,
IDSVKTFCCSTFNLGICCSKK,1,
IDWLKLGKMVMDVL,1,
IINWCCLIFYQCCL,1,
IINWCCLTFYQCC,1,
IKNGYPRDS,1,
ILGTILGLLKSL,1,
ILNRCCNDDN,1,
INLLKIAKGIIKSL,1,
INWLKLGKMVIDAL,1,
IPICAWKVCPPTPW,1,
IRAECCSNPACRVNNPHVC,1,
IRDACCSNPACRVNNPHVC,1,
IRDECCANPACRVNNPHVC,1,
IRDECCSAPACRVNNPHVC,1,
IRDECCSNAACRVNNPHVC,1,
IRDECCSNPACAVNNPHVC,1,
IRDECCSNPACRANNPHVC,1,
IRDECCSNPACRVANPHVC,1,
IRDECCSNPACRVNAPHVC,1,
IRDECCSNPACRVNNAHVC,1,
IRDECCSNPACRVNNPAVC,1,
IRDECCSNPACRVNNPHAC,1,
IRDECCSNPACRVNNPHVC,1,
IRDECCSNPACRVNNPHVCRRR,1,
ITCCTRGTCAQHC,1,
IVRRACCSDRRCRWRCG,1,
IVRRGCCSDPRCAWRCG,1,
IWLTALKFLGKHAAKHLAKQQLSKL,1,1
KAKFKAD,1,
KAKFKAH,1,
KAKFKAM,1,
KAKFKAQ,1,
KAKFKAR,1,
KAKFKAT,1,
KASSSAPKGWTHHGSRFTFHRGSM,1,
KCCMRPICTCPCCIGP,1,
KCCSNPACNRYNKLC,1,
KCCSNPACNRYNPAICD,1,
KCCTMSVCQPPPVCTCCA,1,
KCTSPK,1,
KCYNN,1,
KDGYLPGNEGCKY,1,
KDGYPVDNANCKYE,1,
KECCTHPACHVSHPELCG,1,
KEGYLLGSRG,1,
KGCCSNPACAGNNPHVCRQ,1,
KGQPLCCPFGGCHELCHCCGS,1,
KIPYIL,1,
KKCADIDQDCKTSCDCCE,1,
KKDGYPIQENGCKY,1,
KKNGYAVDSSGKVAE,1,
KPCCSIHDSSCCGI,1,
KQCSKP,1,
KVIDVKCTSPKQCLPPCKAQFGD,1,
KVPCCLGVRDDWCCAGQIQI,1,
KVYCCLGVRDDWCCAGQIQI,1,
LAKRADICQPGKTSQRACET,1,
LAVRGCCSHPACAGNNPHICGRRR,1,
LAVRGGCCSHPVCNLNNPQMCRGRR,1,
LCCVTEDWCCEWW,1,
LDGYPLSKIN,1,
LDPCCRDPPCASTHIDRC,1,
LDPCCRDPPCASTHTDICT,1,
LDPCCREPPCASTHTDICT,1,
LFGFLIPLLPHIIGAIPQVIGAIR,1,
LFGFLIPLLPHLIGAIPQVIGAIR,1,
LKCNKLVPLFYKTCP,1,
LKCNKLVPLFYKTCPAGKNL,1,
LLDYVTGACCAGLNFVCC,1,
LLGLVTGACCAVLKFSFCC,1,
LNHDIVAPMVFGSGNYF,1,
LPCCDVGWCSRRCICDVYRP,1,
LPCCYIGWCSRRCNCGGYRP,1,
LPPCCSLNKKHCPAPACKYKPCCKS,1,
LPPCCSLNLRLCPAPACKYKPCCKS,1,
LPPCCTPPKRLCPAPACKYKPCCKS,1,
LPPCCTPPLRLCPAPACKYKPCCKS,1,
LSCCADPACKHTPGC,1,
LTCYKGYHDTVVCKP,1,
LTCYKGYRDTV,1,
LTIKGCCSDPSCNVNNPDYCG,1,
LTVRECCSQPPCRWKHPELCS,1,
LTVREECCSDPRCSVGHQDMCR,1,
LVSLPQIAHADCCSDPACKQTPGC,1,
LVVRGGCCSHPVCYFNNPQMCRGRR,1,
MALRDECCASPPCRLNNPYVCH,1,
MAVRGCCSHPACAGNNPHICGRRR,1,
MAVRGGCCSHPVCNLNNPQMCRGRR,1,
MLTKFETKSARVKGLSFHPKRPWIL,1,
MNGKCKCYNN,1,
MNVRGCCSHPVCRFNYPKYCGGRR,1,
MTIKGCCSYPPCFATNPDCGRRR,1,
MTVRECCSQPPCRWKHPELCS,1,
NAECCYYPPCYEAYPEICL,1,
NCCIYENWCCEWI,1,
NDPCEEVCIQHTGDVKACEEACQ,1,
NDQCLVIEIL,1,
NECCDNPPCKSSNPDLCDWRS,1,
NGCCRAGDCCS,1,
NGCCRAGDCCSRFEIKENDF,1,
NGCCRNPACESHRC,1,
NGCCRNPACESHRCG,1,
NGHCCHPACGGKYVKC,1,
NGRCCHPACAKYFSCGR,1,
NGRCCHPACARKYNC,1,
NGRCCHPACGAKYFKCG,1,
NGRCCHPACGGKYVKC,1,
NGRCCHPACGKHFSC,1,
NGVCCGYKLCHPC,1,
NGVCCGYKLCHPCAG,1,
NLIQFANMIGCANHGSR,1,
NLYQFKNMIQCTVPNR,1,
NNPPCCSGYVCEGVYCAVDV,1,
NVDFNSESTRRKKKQKEIVDLHNSL,1,
NVWEKCCLDPRCSGKHQNKC,1,
NWRKILGQIASVGAGLLGSLLAGYE,1,
PCCPLIPGCC,1,
PCCSGWCFFACA,1,
PCRKTM,1,
PECCSDPRCNSTHPELCG,1,
PGCCNNPACGANRCG,1,
PGCCNNPACGKNRC,1,
PGCCNNPACVKHRCG,1,
PKQCSKPCKEL,1,
PKVSPRWPPIPP,1,
PPGCCNNPACVKHRCG,1,
PPPPPGPPPNP,1,
PQCCSHPACNVDHPEIC,1,
PQCCSHPACNVDHPEICD,1,
QAPWPDTISPP,1,
QARPPHPPIPP,1,
QCCDRNSCEYPKCLCCN,1,
QCCDSNSCEYPKCLCCN,1,
QCCDWPWCDDCICCD,1,
QCCGWEWCDDICGCCE,1,
QCCPTMPECCRI,1,
QCCRPANMSCCQ,1,
QCCTGSCLNCWPCC,1,
QCCWYFDISCCITV,1,
QCCWYFDISCCLWP,1,
QCPPWCSGEPCRKGTC,1,
QDGPIPP,1,
QECCSYPACNLDHPELC,1,
QFRPSYQIPP,1,
QGCCSYPACAVSNPDICGG,1,
QGGAPWNPIPP,1,
QGGLPRPGPEIPP,1,
QGGPPRPQIPP,1,
QGGWPRNPIPP,1,
QGGWPRPGPEIPP,1,
QGKRPWIL,1,
QGRPLGPPIPP,1,
QGRPPGPPIPP,1,
QGWAWPRPQIPP,1,
QGWCCKENIACCI,1,
QGWCCKENIACCV,1,
QGWPGPKVPP,1,
QICCGYGDCGFVPNVCV,1,
QIDRDPCCSYPDCGANHPEICGGKR,1,
QINCCPWPCPDSCHYQCCH,1,
QKCCGKGMTCPRYFRDNFICGCC,1,
QNCCSIPSCWEKYKCS,1,
QNEGPGRDPAPCCQHPIETCC,1,
QNWPRPQIPP,1,
QQCCPPVACNMGCEPCC,1,
QRLCCGFPKSCRSRQCKPHRCC,1,
QSAPGNEAIPP,1,
QSCCAAPSCFMLC,1,
QSCCATPSCAKLY,1,
QSCCATPSCARLYEKVY,1,
QSCCSTPPCALLYMEMC,1,
QSEEGGSNATKKPYIL,1,
QSPGCCWNPACVKNRC,1,
QWAQWPRPQIPP,1,
QWAQWPRPTPQIPP,1,
QWPDPSSDIPP,1,
QWPRPQIPP,1,
QWPRPTPQIPP,1,
RCCGYKMCHPC,1,
RCCHPACGQQTSC,1,
RCCISPACHDDCICCIT,1,
RCCISPACHDECICCID,1,
RCCISPACHKDCYCCL,1,
RCCISPACNDTCYCCQD,1,
RCCIWPECGSCVCCL,1,
RCCPASACNGACGCCE,1,
RCCPMEWCDGDCFCCV,1,
RCCTWQECDGNCRCCQ,1,
RCCVHPACHDDCICCID,1,
RCCVHPACHDDCICCIT,1,
RDCCTPPKKCKDRQCKPQRCCA,1,
RDCCTPPKKCKDRRCKPLKCCA,1,
RDCCTPPRKCKDRRCKPMKCCA,1,
RDPCCSNPACNVNNPQ,1,
RDPCCYHPTCNMSNPQIC,1,
REIILPALRLQTSSDCLGFPDVWC,1,
RGCCSHPVCNLNNPQMCR,1,
RGCCSYFDCRMMFPEMCGWR,1,
RHGCCKGPKGCSSRECRPQHCC,1,
RICCYPNVWCCD,1,
RIKIGLFDQLSKL,1,
RIKIGLFDQLSRL,1,
RPCCYIGWCSRRCNCGGYRP,1,
RPPGFSPFR,1,
RQRHPDCDKPPDTGN,1,
RSCSFPSNTWC,1,
RTGEDFLEECMGGCAFDFCCK,1,
SAALAGTIIDGASLGFDILNKV,1,
SADIVKKLWDNPAL,1,
SCCPEEPCCFW,1,
SCCPNNPACCH,1,
SCCPQEFLCCLYLV,1,
SCCPQEFLCCLYLVK,1,
SCCPREFLCCL,1,
SCCPTILSCCFV,1,
SCCSDSDCNANHPDMCS,1,
SCIKHGDFCDGDNDDCQCCRDNGF,1,
SCSCKRNFLCC,1,
SDWFAWVIHSCCSNPPCAHVNC,1,
SEQCCHLAACRFGCTPCCW,1,
SGTVGR,1,
SIIDSVKTFCCSTFNLGICCS,1,
SKLLYD,1,
SKQCCHLAACRFGCTPCCW,1,
SKQCCHLAACRFRCTPCCW,1,
SKQCCHLPACRFGCTPCCW,1,
SLCCPEDAWCC,1,
SLCHPPCTGLSMCHGGMCGYIRF,1,
SLVELGKMILQETGKNPVTYGAY,1,
SPANSVWS,1,
SRLLYD,1,
SRLMYD,1,
STCCGYRMCVPC,1,
SVAVAGAIIKGAALTFNVLQ,1,
SVAVAGAVIEGASLTFNVLQ,1,
SVAVAGAVIEGATLTFNVLQ,1,
SVDMVMKGIKLWPL,1,
SYSGYPVTQK,1,
TAFGLRKCCKRHHGCHPC,1,
TAFGLRLCCKRHHGCHPCGRT,1,
TATTRRRGRPPGFSPFR,1,
TCCPPGICSSDKCSCC,1,
TDSEECCLDSRCAGQHQDLCS,1,
TIINVK,1,
TIINVKCTS,1,
TIINVKCTSPKQCS,1,
TIINVKCTSPKQCSKPCKEL,1,
TLLNILRDGDNCCIDKQGCCPW,1,
TLQRHWAKSLCCPEDAWCCSHDE,1,
TLQRLSIEYSCCPGIVSCCVIP,1,
TNEGPGRDPAPCCQHPIETCC,1,
TPPAGPDVGPR,1,
TSDCCFYHNCCC,1,
TTEECCPFIVGCCS,1,
TVIDVKCTSPKQCLPPCAKQ,1,
TVIMHNCCTRSFCKRIYPDLCS,1,
TVRDACCSDPRCSGKHQDLC,1,
TVREACCSDPRCSGQHQEKC,1,
TVRGFCSDPSCRFRNPELCDW,1,
TVSQECCLDTRCAGKNLDEC,1,
VCCGYKLCHPC,1,
VCCPFGGCHELCQCCE,1,
VCCPPESCTDRCLCCL,1,
VIDSCCSNPPCAHVHCH,1,
VIGGAEENINEHRSL,1,
VIGGDECNINEHRSLALVY,1,
VKKKQCCNPACGPKYSCGH,1,
VLEKDCPPHPVPGMHKCVCLKTC,1,
VNCCGIDESCCS,1,
VRDAYIAEDYDCVYHCARDA,1,
VRDAYIAQNYNCVYTCFKNDYCND,1,
VVGGDECNINEHRSLALMYA,1,
VVGGDECNINEHRSLVAIF,1,
WIDPSHYCCCGGGCTDDCVNC,1,
YCCHPACGKNFDC,1,
YCCYFDYSCCLYLR,1,
YCSDQWKSCSYPHECCRWSCNRYCA,1,
YCSDSGGWCGLDPELCCNSSCFVLC,1,
YGCCSNPVCHLEHSNLC,1,
YGCCSYPPCFATNSDYC,1,
YGSSAG,1,
YGSSAGAKCMNGKCKCYNN,1,
YHECCKHPPCRNTRPDLCG,1,
YHECCKNPPCRNKHPDLC,1,
YKLPAKVPIRV,1,
YKLPDKAPIRV,1,
YKLPDKVPIRV,1,
YRRRQCPPWCSGEPCRKGTC,1,
YWTRSACCYIEEGEKCPASCKLCC,1,
AAAAPPRRGPSGPDA,0,
AAAGDNFMRF,0,
AADDVTVVIGSAAPMSGPQ,0,
AADIFAKFKTSMEVK,0,
AAGMGFFGAR,0,0
AAGQDFMRF,0,
AAGQDNFMRF,0,
AAKIKKGDNVVVLTG,0,
AAKLLLNPKFRCKAAFC,0,
AAKPLDKSSSSLHHGYSKVHVP,0,
AAPKATVRWCTISS,0,
AAQEGETLTVEETV,0,
AATAATPATAATPARA,0,
AATAATPATAATPATAARA,0,
AAVSLLQNKLAYDGFLSK,0,
AAVTCIFMTLFGLSLGFALLKVQGE,0,
ACSAG,0,
ADDSDPVGGEFLAEGGGVR,0,
ADEGFSATVRNGAV,0,
ADETCTDLTILTTQYIAGDFD,0,
ADGSDPAGGEFLAEGGGVR,0,
ADGSDPAGGEFLEAGGGVR,0,
ADGSDPASGEFLTEGGGVR,0,
ADGSDPASSEFLAEGGGVR,0,
ADGSDPVGGESLPDTGGAR,0,
ADKNFLRF,0,
ADLFLR,0,
ADLTR,0,
ADPPIHIASL,0,
ADRELHRSKA,0,
ADTGEGEFLAEGGGVR,0,
ADVDFTGIADSIIK,0,
ADYLQLAR,0,
ADYLQLTRA,0,
ADYLRLARA,0,
AEAAGLLPFPRV,0,
AEEQSFSSTKFSTDQPNLILQGDA,0,
AEFGPSQPFKGAK,0,
AEIDFSGIPEDIIKQIKETNAKPPA,0,
AEILFGDVRPPWMPPPIFPEMP,0,
AELPQGLWVRPRLG,0,
AEPLASQLKEPIAGGGWWAA,0,
AEPNVTVTGAAGQIGYALLFRI,0,
AEPRDQFK,0,
AEPVEPWS,0,
AEVQDKGEFLAEGGGVR,0,
AEVYNKDGNKLDIYGKAVGLHYFS,0,
AEYDVSDADIEAFYQ,0,
AEYPNDVNLTVYWDP,0,
AEYTLPDLGWDYAASGPG,0,
AFEIINDIK,0,
AFELPALPYAKDALEPHISA,0,
AFLTLTPGSHVDSYVEA,0,
AFQLDTNLVESLQK,0,
AFQTSFVFQRFYETN,0,
AFSSWG,0,
AFVQEPLPY,0,
AGCKNFFWKTFTSC,0,
AGDDETLLKPVLNSLDNLVSGL,0,
AGDKPGDALLDEWLG,0,
AGDTSSEAKGMWFGPRL,0,
AGEGLSSPFWSLAAPQRF,0,
AGEPANNEDRFNY,0,
AGEPKLDAGV,0,
AGFVLKGYTKTSQ,0,
AGGADNFMRF,0,
AGGTSGLYAFPRV,0,
AGLFAQPRL,0,
AGLLDILGL,0,
AGLLVYPRL,0,
AGLPTEEKPPLL,0,
AGPRFIRF,0,
AGPVSKLVSGIGL,0,
AGPYAFGL,0,
AGQDGFMRF,0,
AGQDNFMRF,0,
AGQNTES,0,
AGVDPAIPAYVKTNG,0,
AGVPFNTKTPYGPT,0,
AGVWTVWGTI,0,
AHQLPMGTLCNFYEWYRRDD,0,
AHRFAAEDFGALDTA,0,
AHVEVPNSLY,0,
AIANAPLLDTTITDRVFFD,0,
AIEVQTVTLIPGD,0,
AIFILAS,0,
AIGFDGLNDPDIVAR,0,
AIGGLSRSFPVEAFE,0,
AIGPVADLHI,0,
AIKVFHIVAETGIHARPAT,0,
AILELPQSPNVFHPEKPSAVG,0,
AISGLTPCKESKQFAKREKQ,0,
AKAGVNKPELLP,0,
AKDVRFGADVRALMLQGVDVLADA,0,
AKFDKFYGLM,0,
AKIIGIDGLTTNSWVAVLESDKVHV,0,
AKITFTNNHPRTIWP,0,
AKKTILDLKD,0,
AKSDVAELKPR,0,
ALAGDHFFRF,0,
ALFEESTVSAEPR,0,
ALGDQLLSVFVDHTLVDEVA,0,
ALIFATLSAAYIGEALE,0,
ALPKKLKYLNLFNDGFNYMGVV,0,
ALPTYTPESPADATR,0,
ALSVPVFAVAPLNKK,0,
ALVPLRLLLDHAAENG,0,
ALWKDILKNAGKAALNEINQIVQ,0,
ALWKNMLKGIGKLAGKAALGAVK,0,
AMAGTATVQGQGTR,0,
AMPMLRL,0,
AMRNALVRF,0,
AMTEELEAVENNGVR,0,
ANAKVPSHTISNPF,0,
ANDLVDDK,0,
ANDPDFPYTVQANRP,0,
ANDPQCLYGNVAAKF,0,
ANEAKVVLVADNVQGDN,0,
ANIVGGIEYSINNASICSVGFSVTR,0,
ANLFTSDQDLYTDSR,0,
ANNAGARKAIRKIEARTEVN,0,
ANNPGARKAIRKIEARTEVN,0,
ANPEVRNNLP,0,
ANQTYFNFQRFEETN,0,
APACVGFQGMR,0,
APALRLRF,0,
APAMGFQGVR,0,
APASGFFGMR,0,
APEESPKRAPSGFLGVR,0,
APFSLATA,0,
APGDLLWSDEFDGAAGSAPNP,0,
APGDRIYVHPF,0,
APGQDFMRF,0,
APIVSGGYDF,0,
APLTNEYLNHLCHKC,0,
APNQPSDNMIRF,0,
APPGFTPFR,0,
APPGFTPFRIA,0,
APPGFTPFRID,0,
APPGFTPFRIY,0,
APPGFTPFRS,0,
APPGFTPFRSK,0,
APPGFTPFRSKAV,0,
APQAGFYGVR,0,
APQPYAFGL,0,
APSDTTIAETLTITEEFFPD,0,
APSGFMGMR,0,
APSLRLRF,0,
APSMGFMGMR,0,
APSMGFQGMR,0,
APSSGFFGTR,0,
APSSMGFMGMR,0,
APTDMYSFGL,0,
APVAQEGN,0,
APVENQGSFPKMFPRGSHWAVGHLM,0,
APVMGFQGMR,0,
APVPGLSPFR,0,
APYQKRNI,0,
AQAATPAADGKKKISIDTR,0,
AQGDNPDKDTDGN,0,
AQITLTNKASYTVTPPAQANAADA,0,
AQLQNPVGYELQHK,0,
AQPPQADFL,0,
AQPPQQADFL,0,
AQPSMRLRF,0,
AQRSPSLRLRF,0,
AQSFLRL,0,
AQSFVRL,0,
AQTPVKVTVTGAAGQIGYALLFRI,0,
ARCENFADSYRQPPISSSQT,0,
ARGPQLRLRF,0,
ARGYDFGL,0,
ARKFFVGRNWPEL,0,
ARPYSFGL,0,
ARSDNFVRL,0,
ARVPFYRYYK,0,
ASGQDFMRF,0,
ASILTNAS,0,
ASLVTSFEEA,0,
ASNQDFMRF,0,
ASNVPKELVEKGQNRV,0,
ASPYAFGL,0,
ASSGLISMPRV,0,
ASVHEFLVK,0,
ATGQYAFGL,0,
ATGWSAFFIDGKWTEAKK,0,
ATNPSGQ,0,
ATQRLPPLSTEPNR,0,
ATRVVYCNRRSGSVVGGDDTVYYEG,0,
ATVVAPKYTAIKPLGDRVLVK,0,
ATVYNNDGTQVDVGGRFDVALG,0,
ATVYNQDGTQVNVGGRVEVAL,0,
ATYTLPEPPYDYAAL,0,
AVFVILTNVYT,0,
AVGNEVFANR,0,
AVHGQFATL,0,
AVITGACERDVQCGGGTCCAVSLI,0,
AVNGGPATLPEYQI,0,
AVNIPFKVKFRCKAAFC,0,
AVPAVRKTNETLD,0,
AVPDVAFNAYG,0,
AVPPRYGYTRG,0,
AVSLVLPQLK,0,
AVVFDPQPALWAEADTQLEP,0,
AVVNGVNYVGETTAA,0,
AWKLFDDGV,0,0
AWVDWEDQILQDTVPLVNFVRMI,0,
AYAQWVIIII,0,
AYERQFYPGATSVAENNIGH,0,
AYGEAANVFGAPK,0,
AYGGDGGAYYEWSPA,0,
AYNGPLA,0,
AYRKPPFNGSIF,0,
AYSYVSEYKRLPVYNFGL,0,
AYTGQTGAPWGLA,0,
AYVSQSGAPWGLGRISHK,0,
CEHSHDGA,0,
CHYIFNTC,0,
CKPASIKIRLNSTADTGFYV,0,
CKQSCSFGPFTFVCDGNTK,0,
CLGVGSCNNFAGCGYAIVCFW,0,
CLITNCPRG,0,
CPAIQRCCQQLRNIQPPCRCCQ,0,
CPCGRRRCCVRGLNVYCCF,0,
CSKGGVGRGYGIG,0,
CSVVDLAR,0,
CTMLNVLTGTQEGLR,0,
CVTGAPGCVGGGRL,0,
CYFNNCPVG,0,
CYFRNCPIG,0,
CYINNCPLG,0,
CYINNCPVG,0,
CYIQNCPLG,0,
CYIQNCPRG,0,
CYIQNCPVG,0,
CYISNCPIG,0,
CYISNCPQG,0,
DADIAVWAPPVNAQN,0,
DAHGSGNAHKQQDINHLLD,0,
DAHNEDEEHAEGS,0,
DAPGGASDAQKQ,0,
DAQEKRQPWIPFV,0,
DAQEKRQPWLPFV,0,
DASFHSWG,0,
DASNAQKQHDVNFLL,0,
DDASDRAKKFYGLM,0,
DDDDDDHTIEHFETF,0,
DDFLCAGGCL,0,
DDIKLSQQYDVLDLFKYMHQ,0,
DDLFNINAGIVKLFGVTTLDVVR,0,
DDPTSTFTCPGGSDYK,0,
DDPTSTFTCPGGSNYK,0,
DDSMEEVVTVFIRTGSSLKA,0,
DEAVVHDSYAFDKNQLIPVGARAE,0,
DEDNVLLT,0,
DEGGTQYTPRL,0,
DEGPYKMEHFRWGSPRKD,0,
DEPDGVPTHQKQ,0,
DEPDGVPTRQKQ,0,
DEPDGVPTTQKQ,0,
DEPKPDQFVGLM,0,
DEPPQTPWDRVKDLVTVYVE,0,
DEQSGISQTVIVGPWGAKVS,0,
DFFFQGLNTPR,0,
DFPIANGERQSPVDIDTKAVVQDPA,0,
DFTGVKFDNTIGCGKG,0,
DGAETPGAAASLWFGPRV,0,
DGDALLKPCKLGDMQKLSSA,0,
DGDMSGEGKGMWFGPRL,0,
DGGRNFLRF,0,
DGVTDPLEVNVVK,0,
DGYTPRL,0,
DHLSHDVYSPRL,0,
DINGGA,0,
DIPIGQKMTGKMTYYTDKGY,0,
DISVVGGTGDFLMAR,0,
DITEVIAAGR,0,
DKNAYGIDLIL,0,
DLDVNVFNR,0,
DLPECCSATELELDSGKQTS,0,
DLSNLLSRVPNERSN,0,
DLVALSGAHTIGQAR,0,
DLVFYCPKCTAERQTACPKL,0,
DLYGNIVLSGGSTMF,0,
DMHDFFVGLM,0,
DMYSDNLGLCDN,0,
DNGEAGRAAR,0,
DNLKKRRRCADDD,0,
DNPNHSR,0,
DNPSSTPPLR,0,
DPAFNSWG,0,
DPAFSSWG,0,
DPLGSTEEFSR,0,
DPLNEERRANRYGFGL,0,
DPMPAEDIVDLAYES,0,
DPNATIIMLGTGTGIAPFR,0,
DPPFAPRM,0,
DPPFSPRL,0,
DPSFNSWG,0,
DPWDWV,0,
DQAAGVAAIIEIDNIFSESEVISK,0,
DQGFNSWG,0,
DQPGDVKTHKQYDVNYLFFKI,0,
DQVKIVL,0,
DRNFLRF,0,
DRPYSFGL,0,
DRVYIHPF,0,
DRVYIHPFHLLVYS,0,
DRVYVHPFHL,0,
DRVYVHPFSL,0,
DRVYVHPFYL,0,
DSDSAHLIG,0,
DSDSAQNLIG,0,
DSPAGVSDAQKQ,0,
DSPGGASDAQKQ,0,
DSTNTV,0,
DSTNY,0,
DSVGSTTAHKQQNINHLLDK,0,
DTARLQWH,0,
DTHISEKIIDCNDIG,0,
DTHKSEIAHRQPDLG,0,
DTVNAA,0,
DVGKFK,0,
DVHSNTGIFGIHTS,0,
DVLELTDENFESRVSSDTG,0,
DVNGGGHTLPQPLYQTTVVL,0,
DVNWPLGWPVGGYPG,0,
DVPASIDWREYGYVTEVKD,0,
DVPKSDQFVGLM,0,
DVSLPAEGFR,0,
DVVASSTAHKQQDINHLLDK,0,
EAAGLISFPRV,0,
EAAGLLAFPRV,0,
EAAGLLPFPRV,0,
EALYNSEDLYEETSDSDD,0,
EATVDMPLD,0,
EAYAFGL,0,
EDAYKFTTW,0,
EDDHHHHHHHHHGVGGGGGGGGGG,0,
EDGSDAVSGEFLAEGGGVR,0,
EDGSDPASGDFLAEGGGVR,0,
EDGSGEFLAEGGGVR,0,
EDKYTDKYDNINLDE,0,
EDPVRFNLG,0,
EDRTY,0,
EDTGTFEEGHGGVR,0,
EEEDKKEDVGTVVGI,0,
EEGGRPPPPI,0,
EEGGSPPPVVI,0,
EELRPEVLPDVSE,0,
EEQEQEQEQDTKMA,0,
EFPTDYDEGEDDRPKVGLGAR,0,
EFSPTRKFGGHGDDKKKKK,0,
EGDFTPRL,0,
EGGGNRGDPSGVC,0,
EGGSSGEASGMWFGPRL,0,
EGLLQLPSDK,0,
EGPVGLADPDGPASAPLGAP,0,
EGSGSGETSGMWFGPRL,0,
EHDPSAPGNGYC,0,
EKDCYHERDC,0,
EKGYNPYVR,0,
ELLSEINR,0,
ELPGLPKGEKEQQEAIEHIDEV,0,
ELPVNFYALNLTADNINIGY,0,
ELVSNASDALDKLR,0,
ELVTLSGAHTIGQAR,0,
ENFAGGCATGFLRTADGRCKPTF,0,
ENFAGGCATGYLRTADGRCKPTF,0,
ENFAGGCIPGYMRTADGRCKPTY,0,
ENFAGGCTPGYQRTADGRCKPTF,0,
ENFKIKHTEPGLLSMANAGKN,0,
ENGQLDGVIDPK,0,
EPFKISIHL,0,
EPPPWVPV,0,
EPRTPWDWV,0,
EPTPRSFNGDKVFRV,0,
EPYAFGL,0,
EQCQDMAGGAR,0,
EQDRR,0,
EQFDDYGHMRF,0,
EQFDEEFDIT,0,
EQFEDYGHMRF,0,
EQGVGGDDGL,0,
EQPGGDKVNLGYFTN,0,
EQQCTPGQTKKEDCNNCTSGD,0,
EQSAGFREYIDFFDGYSLTY,0,
ESAGLIPFPRV,0,
ESGGSGEANGMWFGPRL,0,
ESIASFQGVLDGKYD,0,
ESLPLAAFHQVDVYTAK,0,
ESQKVQGDVIGVDLGTTYSCVA,0,
ETDLLLDDSLVSLFGNRR,0,
ETFTVKMGGDAGTLQ,0,
ETISFNFNQFQQND,0,
ETLFDPCSTQDIKKVGV,0,
ETVPYMFEN,0,
EVEMLGDELRTLNQNLGLMR,0,
EVPLDDTGL,0,
EYDDMYTEKRPKVYAFGL,0,
EYIPFIHEWV,0,
EYPVVFVKGLFPGKG,0,
EYYDDTDEEERIVSTVDAR,0,
FALESFWDGKGNASAHAMEMTK,0,
FAPCPK,0,
FAQLLNDLK,0,
FCTMIPIPRCY,0,
FDDYGHMRF,0,
FDIMGLIKKVAGAL,0,
FEDGKKVRFFKSNKETIK,0,
FENKVPEKQKLFQEDNGIPVHLKG,0,
FFGDFGNISSAAAITGNPK,0,
FFGSVLKLIPKIL,0,
FFGWLIKGAIHAGKAIHGLIHRRRH,0,1
FFGWLIRGAIHAGKAIHGLIHRRRH,0,1
FFPAIFRLVAKVVPSIICSVTKKC,0,
FFPIGVFCKIFKTC,0,
FFPIVAGVAGQVLKKIYCTISKKC,0,
FGETSGETKGMWFGPRL,0,
FGGFTGARKSARKLANQ,0,
FGLPMLSILPKALCILLKRKC,0,
FGNQQQLKSVADIVINHR,0,
FGTYGHPRPRFYYNP,0,
FGVLAVTSR,0,
FHGHTKDSKKNIKK,0,
FIAGLNGLR,0,
FIGAILPAIAGLVGGLINR,0,
FIGAILPAIAGLVHGLINR,0,
FIGDIWSGIQG,0,
FIGGIISFIKKLF,0,
FIGLLISAGKAIHDLIRRRH,0,
FIGPIISALASLFG,0,
FIGSALKVLAGVLPSIVSWVKQ,0,
FIGTALGIASAIPAIVKLFK,0,
FIHHIFRGIVHAGRSIGRFLTG,0,
FIQYLAPLIPHAVKAISDLI,0,
FISAIASFLGKFL,0,0
FISAIASMLGKFL,0,0
FITLLLRKFICSITKKC,0,
FITVH,0,
FIYHSYK,0,
FKGGGPYGQGVTRG,0,
FKGGGPYGQGVTRGQDLSGKDF,0,
FKSWSFCTPGCAKTGSFNSYCC,0,
FKVDEEFQGPIVSQNRRYFLFRPRN,0,
FLFPLITSFLSKVL,0,0
FLFQPQRF,0,
FLFVGDL,0,
FLIGMTHGLICLISRKC,0,0
FLIGMTQGLICLITRKC,0,1
FLIIRRPIVLGLL,0,
FLISIPYSASIGGTATLTGTA,0,
FLLSLPHLASGLASLVLSK,0,
FLPAIAGILSQLF,0,1
FLPAIAGMAAKFLPKIFCAISKKC,0,
FLPAIAGVAAKFLPKIFCAISKKC,0,
FLPAIFRMAAKVVPTIICSITKKC,0,
FLPAIVGAAAKFLPKIFCVISKKC,0,
FLPAIVGAAGKFLPKIFCAISKKC,0,
FLPAIVGAAGQFLPKIFCAISKKC,0,
FLPAVIRVAANVLPTVFCAISKKC,0,1
FLPAVLRVAAKIVPTVFCAISKKC,0,
FLPAVLRVAAKVVPTVFCLISKKC,0,
FLPAVLRVAAQVVPTVFCAISKKC,0,1
FLPFIAGMAANFLPKIFCAISKKC,0,
FLPFIAGVAAKFLPKIFCAISKKC,0,
FLPFIARLAAKVFPSIICSVTKKC,0,
FLPFLASLLTKVL,0,
FLPFLATLLSKVL,0,
FLPIIAGVAAKVFPKIFCAISKKC,0,
FLPIIAKLLGGLL,0,
FLPIIAKLVSGLL,0,
FLPIIAKVLSGLL,0,
FLPIIASVAANVFSKIFCAISKKC,0,
FLPILASLAAKFGPKLFCLVTKKC,0,1
FLPILASLAAKLGPKLFCLVTKKC,0,1
FLPILGKILGGLL,0,
FLPILINLIHKGLL,0,
FLPIPRPILLGLL,0,
FLPIVGKLLSGLL,0,1
FLPKMSTKLRVPYRRGTKDYH,0,1
FLPKSLFTLVTDKSL,0,
FLPLFASLIGKLL,0,
FLPLIAGLLGKLF,0,
FLPLIGKVLSGIL,0,
FLPLIGRVLSGIL,0,0
FLPLILGKLVKGLL,0,
FLPLLAASFACTVTKKC,0,
FLPLLAGLAANFLPKIFCKITRKC,0,1
FLPLLAGLAANFLPTIICKISYKC,0,0
FLPLLFGAISHLL,0,
FLPLLLAGLPKLLCLFFKKC,0,1
FLPLVRGAAKLIPSVVCAISKRC,0,
FLPMIAKLLGGLL,0,
FLPMLAGLAASMVPKLVCLITKKC,0,1
FLPPCAYKGTC,0,
FLSAIASMLGKFL,0,0
FLSALLGMLKNL,0,
FLSLIPHAINAISAIADHF,0,
FLSLIPHAINAISAIAHHL,0,
FLSLIPHAINAISAIANHF,0,
FLSLIPHAINAISAIANHL,0,
FLSLIPHAINAVGVHAKHF,0,
FLSLIPHAINAVSAIAKHF,0,
FLSLIPHAINAVSAIAKHN,0,
FLSLIPHAINAVSAIAKHS,0,
FLSLIPHAINAVSALAKHF,0,
FLSLIPHAINAVSALANHG,0,
FLSLIPHAINAVSTLVHHSG,0,
FLSLIPHAISAISAIADHL,0,
FLSLIPHAISAISAIAHHL,0,
FLSLIPHAISAISAIANHL,0,
FLVALYTFR,0,
FLVMFLSG,0,
FMGGLIKAATKALPAAFCAITKKC,0,
FMGGLIKAATKIVPAAYCAITKKC,0,
FNALGLSTRDLVALSGAHTIGQAR,0,
FPIDDDDKIVGGYTNR,0,
FPPWE,0,
FPPWF,0,
FPPWL,0,
FPPWM,0,
FPVDEEFQSPFGSRSRGYFLFRPRN,0,
FQFVNPSDIVFGS,0,
FQPSLVLDMAQVLLDNYTFPENLM,0,
FQYDSQYDGF,0,
FRGHAKGDKKNQKK,0,
FRPALIVRTKGK,0,
FSGLGSQNPGLLVLAK,0,
FTLTNSDVLE,0,
FVGAALKVLANVLPPVISWIKQ,0,
FVLPFDVLDSGRDLDRGWPYA,0,
FVPFFTQSDIQKMQEKERNKGQ,0,
FVPLLVSKLVCVVTKKC,0,
FVQWFSKFLGRIL,0,1
FVSTYK,0,
FWGALAKGALKLIPSLFSSFSKKD,0,1
FWGALIKGAAKLIPSVVGLFKKKQ,0,
FYAGLILTLVNTFPYNISPASS,0,
FYDTTCPK,0,
FYEKEGLPAFPMGK,0,
FYSAPTRDNVFEL,0,
GAAILTNDNAMDALQDL,0,
GADFQECMKEHSQKQHQHQG,0,
GADFYSWG,0,
GADPGCQDVVTPVQ,0,
GAGGALFVHRD,0,
GANDFMRF,0,
GAPMFV,0,
GAQFSSWG,0,
GASGLIAFPRL,0,
GASGLIPFPRL,0,
GASGLIPVMRN,0,
GAVPAAQFSPRL,0,
GAVSGLLTNL,0,
GAVSGLLTNLGL,0,
GCPQTPRCTNYAEKGQCPPN,0,
GDAAAQPEK,0,
GDNFMRF,0,
GDPFLRF,0,
GDSEVPGMWFGPRL,0,
GDVQEGEFIAEGGGVR,0,
GDVVANPESVELK,0,
GEAANVMGAPK,0,
GEVFAFPR,0,
GFADLFGKAVDFIKS,0,
GFADLFGKAVDFIKSRV,0,
GFADLFGKVANLIKS,0,
GFDVIDTIK,0,
GFDVVDNIK,0,
GFFDLAKKVVGGIRNALGI,0,
GFGEDIAMKQHQVNSLLDILFVF,0,
GFIGDIWSGIQG,0,
GFIGWGNNIFGHYSGDF,0,
GFKDGAADRISHGF,0,
GFKDWIKGAAKKLIKTVAANIANQ,0,
GFKDWIKGAAKKLIKTVASSIANE,0,
GFKNVALSTARGF,0,
GFLDKLKKGASDFANALVNSIKGT,0,
GFLGSLLKTGLKVGSNLL,0,
GFMKYIGPLIPHAVKAISDLI,0,1
GFPGKSLIF,0,
GFRDGSADRISHGF,0,
GFRDVLKGAAKAFVKTVAGHIAN,0,1
GFRDVLKGAAKAFVKTVAGHIANI,0,
GFTPFRIY,0,
GFVDLAKKVVGGIRNALGI,0,
GGCDGDRQDM,0,
GGEEQFDDYGHMRF,0,
GGETGGEGKGMWFGPRL,0,
GGETSGEGKGMWFGPRL,0,
GGETSGETKGMWFGPRL,0,
GGGGGSGETSGMWFGPRL,0,
GGGGSGETSGMWFGPRL,0,
GGGGTSGLFAFPRV,0,
GGGSNFGQFAGGLLDR,0,
GGKYMRF,0,
GGNDFMRF,0,
GGNTECFWKYCV,0,
GGPAGKQNAVNQLLVLIYDPKSYKD,0,
GGPSQKQKQHKVNLVNIKVYI,0,
GGPYSYGL,0,
GGSGSGETSGMWFGPRL,0,
GGSSGLIAFPRL,0,
GGSSGLISMPRV,0,
GGSSGLISVPRV,0,
GHADNFMRF,0,
GHAKKDKKIQKK,0,
GHGGASNYVRL,0,
GHKLGEFAPTRTFRGHKKEDKKVKR,0,
GHNKKDKKMQKK,0,
GIEKIISRSMFDQMLKHRNNPASFG,0,
GIFGKILGAGKKVLCGLSGLC,0,1
GIFGKILGVGKKVLCGLSGMC,0,1
GIFSSRKCKTVSKTFRGICTRNANC,0,
GIFTFEDESTSTVAPAKLYK,0,
GIFTFEDESTTTVAPAKLYK,0,
GIGAAILSAGKSIIKGLANGLAEHF,0,
GIGALSAKGALKGLAKGLAEHFAN,0,
GIGGKPVQTAFVDNDGIYD,0,
GIIDIAKKLVGGIRNVLGI,0,
GIKDWIKGAAKKLIKTVASHIANQ,0,1
GILDAIKAIAKAAG,0,
GILDFAKTVVGGIRNALGI,0,
GILKKFMLHRGTKVYKMRTLSKRSH,0,1
GINTLKKVIQGLHEVIKLVSNHA,0,
GIYCIFEGGTPDDR,0,
GKGKEILGKIKEKLIEA,0,
GKTKGVTSGLIAFPRL,0,
GLASTLGSFLGKFAKGGAQAFLQPK,0,
GLFDAIGNLLGGLGL,0,
GLFDIIKKIAESF,0,
GLFDIIKKIAESI,0,
GLFDIIKKVASVVGGL,0,
GLFDIIKKVASVVGLASQ,0,
GLFDIIKNIFSGL,0,
GLFDIIKNIVSTL,0,
GLFDIVKKIAGHIAGSI,0,
GLFDIVKKIAGHIASSI,0,
GLFDIVKKIAGHIVSSI,0,
GLFDIVKKVVGAIGSL,0,
GLFDIVKKVVGALGSL,0,
GLFDIVKKVVGTIAGL,0,
GLFDVIKKVASVIGGL,0,
GLFDVIKKVASVIGLASP,0,
GLFGVLAKVAAHVVPAIAEHF,0,
GLFGVLGSIAKHVLPHVVPVIAEK,0,
GLFKVLGSVAKHLLPHVAPIIAEKL,0,
GLFKVLGSVAKHLLPHVAPVIAEK,0,
GLFKVLGSVAKHLLPHVVPVIAEK,0,
GLFSVLGAVAKHVLPHVVPVIAEK,0,
GLFSVLGAVAKHVLPHVVPVIAEKL,0,
GLFSVLGSVAKHLLPHVAPIIAEKL,0,
GLFSVLGSVAKHLLPHVVPVIAEKL,0,
GLGDILGLLGL,0,
GLGNNAFVGVR,0,
GLIQTIKEKLKELAGGLVTGIQS,0,
GLISNLGI,0,
GLLASLGKVFGGYLAEKLKPK,0,
GLLASLGKVLGGYLAEKLKP,0,
GLLASLGKVLGGYLAEKLKPK,0,
GLLDALSGILGL,0,
GLLDFLKAAGKGLVTNL,0,
GLLDGLLGGLGL,0,
GLLDIVKKVVGAFGSL,0,
GLLDIVTGLLGNLIVDVLKPKTPAS,0,
GLLDMVTGLLGNL,0,
GLLDVVGNLLGGLGL,0,
GLLDVVGNVLHSLGL,0,
GLLGFVGSLLGGLGI,0,
GLLGGLLGPLLGGGGGGGGGLL,0,
GLLGMVGSLLGGLGL,0,
GLLGPLLKIAAKVGSNLL,0,1
GLLGSIGKVLGGYLAEKLKPK,0,
GLLGSIGNAIGAFIANKLKP,0,
GLLGSLFGAGKKVACALSGLC,0,
GLLGTLGNLLNGLGL,0,
GLLGVLGSVAKHVLPHVVPVIAEHL,0,
GLLNGLALRLGKRALKKIIKRLCR,0,0
GLLQTIKEKLKELATGLVIGVQS,0,
GLLQTITEKLKEFAGGLVTGVQS,0,
GLLSGLGL,0,
GLLSSLGLNL,0,
GLLSVLGSVVKHVIPHVVPVIAEHL,0,
GLMSSIGKALGGLIVDVLKPKTPAS,0,
GLNALKKVFQGIHEAIKLINNHVQ,0,
GLPGESGAVGPAGPIGSR,0,
GLPGYFGVN,0,
GLSRSCFGVKLDRIGSMSGLGC,0,
GLTDQKSAPPGL,0,
GLTQKDLVALSGAHTIGKAR,0,
GLVDVLGKVGGLIKKLLP,0,
GLVDVLGKVGGLIKKLLPG,0,
GLVGEIISRGDFAIDIGR,0,
GLVPNLLNNLGL,0,
GLVPPADKY,0,
GLVSNLGI,0,
GLVSSIGKALGGLLADVVKSKGQPA,0,
GLVSSIGKALGGLLADVVKTKEQPA,0,
GLVSSIGRALGGLLADVVKSKEQPA,0,
GLVSSIGRALGGLLADVVKSKGQPA,0,
GLVSSIGRALGGLLADVVKSKQPA,0,
GLWDDLKAAAKKVVSSLASAAIEKL,0,
GLWEKIKEKANELVSGIVEGVK,0,
GLWEKIKEKASELVSGIVEGVK,0,
GLWEKIREKANELVSGIVEGVK,0,
GLWEKVKEKANELVSGIVEGVK,0,
GLWQKIKDKASELVSGIVEGVK,0,
GLWQKIKNAAGDLASGIVEGIKS,0,
GLWQKIKSAAGDLASGIVEAIKS,0,
GLWQKIKSAAGDLASGIVEGIKS,0,
GLWQLIKDKIKDAATGFVTGIQS,0,
GLWQLIKDKLKDAATGFVTGIQS,0,
GLWSKIKEAAKTAGKAAMGFVNEMV,0,
GLWSKIKEAAKTAGLMAMGFVNDMV,0,1
GMATKAGTALGKVAKAVIGAAL,0,
GMNLVFVGAEVAPWSKTGGLGDVLA,0,
GMYTHEGSDP,0,
GNALGKEGLKAI,0,
GNAPAADMVLKAPGDAKMTKTAVP,0,
GPAAVVRLLGK,0,
GPDSAFLRL,0,
GPDSTFLRL,0,
GPEEWVK,0,
GPESAFLRL,0,
GPETAFFRL,0,
GPETAFLRL,0,
GPIPWQR,0,
GPIPWQRRI,0,
GPLNAQHQS,0,
GPNGKSQSIIVGPWGDRVTN,0,
GPPLLPPLP,0,
GPPYDFGM,0,
GPSAFLRL,0,
GPSGFLGMR,0,
GPSMGFHGMR,0,
GPSQDFMRF,0,
GPSSGFFGMR,0,
GPSSSAFFGMR,0,
GPSTDLVIGNKGFDGGIDSAILR,0,
GPVEIYYLQSADAKG,0,
GPVGLLSSPGSLPPVGGAP,0,
GQDFMRF,0,
GQNFTSDKDLYTDSR,0,
GRAENFLRL,0,
GRGASSNYVRL,0,
GRGGASNYVRL,0,
GRGGPSNYVRL,0,
GRGGSSNYVRL,0,
GRNGKSQSIIVGPWGDRVTN,0,
GRPNPVNNKPTPHPRL,0,
GRPNPVNTKPTPYPRL,0,
GRSLVFPEETANSFVELFPAKELSL,0,
GRTFFVGGNW,0,
GSASGLISMPRV,0,
GSEIQPR,0,
GSFFATPDDRH,0,
GSFVNPTTPIR,0,
GSGADCFWKYCV,0,
GSGASGSMPATTS,0,
GSGFSSWG,0,
GSGGSGEANGMWFGPRL,0,
GSKKPVPIIYCNRRTGKCQRM,0,0
GSLGEKYAQKAAEVLTSIIP,0,
GSNDFMRF,0,
GSNIEVMLGLPNSDVK,0,
GSNTECFWKYCV,0,
GSPGLIPFGRS,0,
GSPMFV,0,
GSSGGLITFGRT,0,
GSSGGMIPFPRV,0,
GSSGLIAMPRV,0,
GSSGLIPFGRT,0,
GSSGLIPMGRV,0,
GSSGLISFPRN,0,
GSSGLISFPRT,0,
GSSGLISMPRV,0,
GSSGLISMTRV,0,
GSSGLISVPRV,0,
GSSGMIPFPRV,0,
GSSSGLISMPRV,0,
GSTGLIPFGRT,0,
GSTGLISFGRT,0,
GSTSECFWKYCV,0,
GSTTAESAALR,0,
GTLKGIPTDDEQATGLERRT,0,
GTSGLISFPRT,0,
GVCDMADLA,0,
GVDSSFVRL,0,
GVFLDALKKFAKGGMNAVLNPK,0,1
GVFTFEDESTSTVAPAKLYK,0,
GVGDIFRKIVSTIKNVV,0,
GVGDLIRKAVAAIKNIV,0,
GVGDLIRKAVSVIKNIV,0,
GVGSFIHKVVSAIKNVA,0,
GVGYKVVVTTTAAADDDDVV,0,
GVIAWELQHNEPGRKDSTAG,0,
GVIDAAKKVVNVLKNLP,0,
GVLDAFKKIATVVKNLV,0,
GVLDAFRKIATVVKNVV,0,
GVLDIFKDAAKQILAHAAEQI,0,
GVLDILKGAAKDLAGHVATKVINKI,0,
GVLDILKNAAKNILAHAAEQI,0,
GVLFASGQNLARTLIEFLLR,0,
GVLSNVIGYLKKLGTGALNAVLKQ,0,
GVPTVNAV,0,
GVTFHDDDLIPF,0,
GVTSNPAIFQKAISTSNAYNDQFR,0,
GVVDILKGAAKDLAGHLASKVMNKI,0,
GVVDILKGAGKDLLAHLVGKISEKV,0,
GVWSTVLGGLKKFAKGGLEAIVNPK,0,1
GVYVIEEDVATYTIK,0,
GYGFLTTDD,0,
GYIAYVHQNELVKR,0,
GYLDYDEVDDNRAKLPLDAR,0,
GYNRSFLRF,0,
GYPRKTVDVFTFTN,0,
HAGDLGNIVAGSDGV,0,
HDDKAAVDAR,0,
HDRPKFCYLPADPGECLAHMRSF,0,
HDRPKFCYLPADPGECMA,0,
HDVYGGDYRITGDDGHS,0,
HEDNAGIAVYWGQDAREGDLVTACN,0,
HEEQITQPSATNDEA,0,
HGVSGHGQHGVHG,0,
HKINSFVGLM,0,
HKLDSFIGLM,0,
HKQGDFVLRVGAASVVPNDS,0,
HLKYKDPEQG,0,
HNPASFIGLM,0,
HPIQNLFQPSLVLDM,0,
HSDLPSGVYDPAQA,0,
HSEPGGAY,0,
HSPGGA,0,
HTAADLLR,0,
HTAGFIPRL,0,
HVDKKVADKVLLLKQLRIMRLLTRL,0,0
HYQEVPRQIQEKLIKGQ,0,
IAIFNAYTPLPFAD,0,
IALTV,0,
IANVFAVDIHPAAR,0,
IAYKPE,0,
IDAFQDTLYTHTLRTYLGRPWK,0,
IDASTATGDSPVFTATIK,0,
IEFFA,0,
IEFFT,0,
IEHNAEEIRKTAIRTAVQNTAQQTK,0,
IEMAEGGNDNIGNESIK,0,
IFFEV,0,
IFGAILPLALGALKNLIK,0,1
IGDIWSGIQG,0,
IGSFIINPR,0,
IIDFIPQIE,0,
IIDYYDEGEEDRDVGVVDAR,0,
IIEKLVNTALGLLSGL,0,
IIGHLIKTALGFLGL,0,
IIGPVLGLVGSALGGLLKKIG,0,
IIGPVLGMVGSALGGLLKKIG,0,
IIIQYEGHKH,0,
IILELAAVDSASGKLLINGNFK,0,
IINDFTNLVNQVEPLK,0,
IKIMDILAKLGKVLAHV,0,
IKITTMLAKLGKVLAHV,0,
IKWKAILDAVKKVL,0,
ILCINVAGRRIC,0,
ILGLLKGISALLS,0,
ILGLNTLGVSLAR,0,
ILGPVLGLVGNALGGLIKNE,0,
ILGPVLSLVGNALGGLLKNE,0,
ILGTILGLLKGL,0,
INIKDILAKLVKVLGHV,0,
INLKAIAAFAKKLL,0,
INLKAIAALAKKLL,0,
INLKAIAALVKKVL,0,
INVLGILGLLGKALSHL,0,
INWKALLDAAKKVL,0,
INWKGIAAMAKKLL,0,
INWKKIAEIGKQVLSAL,0,
INWKKIAEVGGKILSSL,0,
INWLKLGKAIIDAL,0,
IPLDPVAGYKEPA,0,
ISALFDEYEPLNDAD,0,
ISAVKEMTVRDALNSA,0,
ISCQDVKQSLAPCLPYVTGRAPKPA,0,
ISDDIQSIIQGIF,0,
ISGKPARTPT,0,
ISGLIYEETRIFLENVIR,0,
ISPLTGTNGEIR,0,
ISVDELSNYNF,0,
ITACLDPDGWKEPGPLPGISTK,0,
ITAGFISSSANTVYVKKGDVMVFPR,0,
ITCLSDINSK,0,
ITCPQVTQSLAPCVPYLISG,0,
ITKDFDALMKYIKRI,0,
IVGGAECVPY,0,
IVGGQEATPHTWVHQVALFI,0,
IVGGTEVTPGEIPYQLSFQD,0,
IVGGTEVTPGEIPYQLSLQD,0,
IVGGVSVAIE,0,
IWSGIQSAF,0,
IWVGISYKIHSLYFQ,0,
IYEPEIA,0,
IYSRLTVSPTGTLNR,0,
IYTYVIGRG,0,
KADAVFAFQLR,0,
KAEEEVEKNKEEAEEEAEKKIAE,0,
KAEEEVEKNKEEAEEKAEKKIAE,0,
KAVVLGKAGGTAELPCQASQ,0,
KCDVDIRK,0,
KDALEHTGFAPK,0,
KDALEHTGFAPKKDGEEHVEWNYN,0,
KDDHCKDLGSIDDDE,0,
KEEAKVLGTVIGIDLGTQYL,0,
KFCPEGKCV,0,
KFKVVTTFTVIQDIAQNVAGDAAT,0,
KGDIMVFPR,0,
KGVNDGT,0,
KHEYLRF,0,
KHFGKDSNFPFGT,0,
KIFTKCELARKLRAEGMDGF,0,
KIKETNA,0,
KKIEEEAAAAGATAE,0,
KLGEFSPTRTYRGHNKKDKKMQKK,0,
KLKNFAKGVAQSLLNKASCKLSGQC,0,
KLSYDDKVFENVEFTPRL,0,
KMLGVVAKKPMSDYE,0,
KMYDFGL,0,
KNEFIRF,0,
KNWAVLVAGSDGLPNYRHHADV,0,
KNWAVLVAGSNGWPNYRHHA,0,
KPAPEPAPEPAPEAAPEA,0,
KPEEDWGHK,0,
KPEEDWGHR,0,
KPEEDWGRES,0,
KPENENEEALHE,0,
KPLWRL,0,
KPNPERFYGLM,0,
KPNQDFMRF,0,
KPPWRL,0,
KPRPGQFFGLM,0,
KPRPHQFFGLM,0,
KPRPQQFIGLM,0,
KPSPDRFYGLM,0,
KPWERE,0,
KPWERL,0,
KQFTKCELSQVLKDMDGYGGIALP,0,
KQTENLADTY,0,
KRKCGLCKYRCCSGG,0,
KRMLSNRESARRSRMRKQK,0,
KRPPGWSPLR,0,
KRRPPGFTPFR,0,
KRTKAPFSRVVKFSIDEIRN,0,
KSAYMRF,0,
KSTDFDYNNKKANYD,0,
KTCENLADDY,0,
KTGVNKPELLPKEETTVIDV,0,
KVHGSLARAGK,0,
KVPVDDQFRRVNNGGATDTR,0,
KWCFRVCYRGICYRKCR,0,
KWCFRVCYRGICYRRCR,0,1
LAAGKVEDSD,0,
LAGLDTAIILIAFIITASVLAYV,0,
LAGTVPLANK,0,
LAKTVPLNDGTNFPIFGG,0,
LDEFRVYSDDANKYKISIPQD,0,
LDFAKHVIGIASKL,0,
LDLAKHVIGIASKL,0,
LDLTPGSHVDSYVEA,0,
LDSLSFSYNNFEEDD,0,
LDTDLQGTMPEVYASERAAFL,0,
LDVELTVEER,0,
LEDNGRTHWAVLVA,0,
LENGLLRKPPMG,0,
LFEENGGAL,0,
LFFKGEKKL,0,
LFSLVLAG,0,
LGAEISSLTLEEAR,0,
LGALGCVFPELLSGNGVKFGYA,0,
LGICFASMPR,0,
LGIYSDAGTQTCSK,0,
LGKSVTN,0,
LGPALITRKPLKGKP,0,
LGSPFGGFDTLGSNR,0,
LGTGLGVDQN,0,
LGYITCPGSNLGTLR,0,
LHSNLEYQYRYSGRVASGIP,0,
LIGPVLGLVGSALGGLLKKIG,0,
LKCEWDGLVGTRGEIAKETIER,0,
LKDAQSRITK,0,
LKSELKEDKE,0,
LLKELWTKIKGAGKAVLGKIKGLL,0,
LLKELWTKMKGAGKAVLGKIKGLL,0,
LLPILGNLLNGLL,0,
LLPIVGNLLNSLL,0,
LLPNLLKSLL,0,
LLSTLTDTSIKEAVATDKAP,0,
LMRKDVDTLTD,0,
LMYYTLPRPV,0,
LNLKGIFKKVASLLT,0,0
LNLKGLFKKVASLLT,0,
LNLKGLIKKVASLLN,0,0
LPASVDWRKEGAVLPIRHQGQCG,0,
LPDSFDAREQ,0,
LPDSSFLRL,0,
LPLRF,0,
LPLYNFGL,0,
LPPWIG,0,
LPRHTLHCVAYHGYCFHSKV,0,
LPSFLYAEMVGYNIL,0,
LPSIGHYY,0,
LPTGPNNPTTLDNSSII,0,
LQQAEARR,0,
LRCTFGRTVK,0,
LRDYANRVINGGPVEAAGPPA,0,
LRLDLSNLR,0,
LRPAVIVRTKGK,0,
LRQSQFVGSR,0,0
LSAGPNGGSIAKLSVK,0,
LSAMLEDTENWLYEELSLTQDPVV,0,
LSCKRGTCHFGRCPSHLIKGSCSGG,0,
LSDYDEEEDERAKATLDAR,0,
LSLHEYMSMELLQEAGVSIP,0,
LSLQEFLGLWR,0,
LSLTPTPGVLHK,0,
LSPTQDFMRF,0,
LSVNYQWLVR,0,
LTNKTARFLVNGTSIPEVDFDVGE,0,
LTPNTLSDLNSK,0,
LVLPEVYDQDGHPLRIGQRYIINNP,0,
LVPFRPRL,0,
LVSGCADLTALAAR,0,
LVTLVFV,0,
LVVELAPMEIR,0,
LWTRDYAGVYEAIRGFDWSQDAK,0,
LYGNLPF,0,
MAAACRCLSLLLLSTCVALLL,0,
MAAEINMVILAWDLCLLELPY,0,
MAATFALHGWWRTS,0,
MADAAVHGHGDHHDTRGFFTRWFMS,0,
MADAEDIQPLVCD,0,
MADAEDIQPLVCDNGTG,0,
MADEALQHTFFA,0,
MADENTPVMPEEVPAVEGVGM,0,
MAHDLP,0,
MAITAAASRLGTEPF,0,
MAIVGTIIKIIKAIIDIFAK,0,1
MAKEKIRIRLKAYDHR,0,
MAKEQQVQANDLQEKLIAVNRVAK,0,
MALNLQDKQAIVAEVSEVAK,0,
MALPLLEYKPT,0,
MALPSALWWPG,0,
MANIKSAIKRAKTSEK,0,
MANTQNISIWWWAR,0,
MAPPRTSTS,0,
MAPRGFSCLLLLTSEIDLPVKRRA,0,
MAPRGFSCLLLSTSEIDLPVKRRT,0,
MARIAGVNIPTGKRVPI,0,
MARRGFSCLLLSTTATDLPVKRRT,0,
MATGGFGCLLLLIREIDLSVKRQI,0,
MATIYKVTLINETEG,0,
MATPGFSCLLLSTSEIDLPMKRRV,0,
MATPLVDPAK,0,
MATRRFSCLLLSTSEIDLSVKRRI,0,
MAVKAISGCDKDQELI,0,
MAWTKPAYTDLRIGFEVTMYFASR,0,
MCLGVPIKLSKLMKILFNLPQ,0,
MDETIVTDKGVAEFSFFKF,0,
MDKLAAGGLYLLFLLLAGIIVTH,0,
MDLIPDLAVETWLLLAVTLV,0,
MDLSRIPPQPKAGILNVLIEIPAGS,0,
MDPEPTPLPRWRIFLFR,0,
MDSKAVLKGMLEKAYRIEAGFEKRG,0,
MDSVSVNQIL,0,
MDTKLGLVEEEAAN,0,
MDYLITFYHSPQTNS,0,
MEFGNLTNLDVA,0,
MEFSPRAAELTTLLESRISNFYTNI,0,
MEFVAKLFKFFKDLLGKFLGNN,0,
MEFVAKLFKFFKDLLGKFLGNY,0,
MEKGYYDLES,0,
MELCWLTTIHGS,0,
MELGLEPADDFKEKLIKLSA,0,
MELSLLLFLALLLGLLLLLF,0,
MENGKVHVASMSGLSMPHMNEMLEK,0,
MENVMSWFNIDFEIKSDNNIDKTLL,0,
MESIEQRVKKIVAEQLGVAEAEIKA,0,
MEVNQLGFIATALFVLVPS,0,
MFAGLPSLSHEQQQKAVERI,0,
MFDKTRLPYVALDVL,0,
MFFKIDLKNHPYLIRLKKQEE,0,
MFFSSKKCKTVSKTFRGPCVRNA,0,
MFKPGYSEAKKPKITDEFSYKQT,0,
MFLGPGGAGGQAFDQAR,0,
MFSLSNSQYTCQDYISDHIWKTSSH,0,
MFTFAILLLCVQGCLIQ,0,
MGDISPLTGTNGQIR,0,
MGIFSIFVISTVHYQPNKK,0,
MGIIAGIIKFIKGLIEKFTGK,0,
MGIIAGIIKVIKSLIEQFTGK,0,1
MGNISPLTGTNGEIR,0,
MGQEQDTPWIL,0,
MGQEQGIPWIL,0,
MGQFFAYATVITVKENDHVA,0,
MGQGAVEGQLFYNVQ,0,
MGQLNVLTGSKGEIR,0,
MGSLESERFVVDVAASNLDK,0,
MHIVVCIKQVPDSAQIRV,0,
MHNSIAYDKDGNSTGQKYYAYG,0,
MHSNNSRQILIPHQNENMFLTELY,0,
MIEIRFHGRGGQGAV,0,
MIERELGNWKDFIEVMLRK,0,
MIFVATSLSCRWWWPVM,0,
MIGIADVKLLNLGMLFPFVEVES,0,
MIINNNISALNANRQLNLTGNSMTK,0,
MINGWTGNILRINLTTGAIS,0,
MIREPRIREPRSLA,0,
MITVPHVVNLNLTGQWRENGGQI,0,
MIYSTEVVNMNM,0,
MKAIFVLKGWWRTS,0,
MKAIMLVNFCDERGSGR,0,
MKATFVLHGWWRTS,0,
MKCNECNRVQLKEGSVSLTL,0,
MKCNKMNRVQLKEGSVSMTL,0,
MKDTE,0,
MKEPKSNIRKLIDIGGLIGR,0,
MKFGLFFQNFLSENQSSE,0,
MKFLCWQKSIHGS,0,
MKHIQIRNSDMDWHIAANNLG,0,
MKKAERGASPKQIKPHRYYLLAVH,0,
MKKARRSPSRRKGARLWYVGGSQF,0,
MKKAWWKEGVVYQIY,0,
MKKSEDYSS,0,
MKKSIRRSGGKSKGARLWYVGGTQY,0,
MKKTTIIMMGVAIIVVLGTELGWW,0,
MKLAILGAGCYRTDAASGI,0,
MKLCWQKSIHGS,0,
MKNPRVHEIATAMIDAVRKVLVDHQ,0,
MKQGINGFARRGRL,0,
MKRGYEVVRDPHLNK,0,
MKRISTTITTTITITTGNGAG,0,
MKRQDLPRSRSLRSCE,0,
MKTKAAVLFETHKPFEIVELEL,0,
MKTNPL,0,
MKVFVLNGPNLGRLGKREPA,0,
MKVKVDADACIGCGVCVELCP,0,
MKWETPTATDLRFGFEITMYVSAR,0,
MKYFFMGISFMVIVWAGTFALMI,0,
MKYINCVYNINYKLKPHSHYK,0,
MLADVFEKIMGD,0,
MLASGLLLVALLACLTVMVL,0,
MLHHMTSRANLLLLRRGGSQRS,0,
MLISGTAFLRLRTNRKAFPTP,0,
MLKSEVSKQISMPLTAPAF,0,
MLLLKHGRIEILDQNTMYG,0,
MLLVIGSKNLSSTNM,0,
MLMPKRTKYR,0,
MLNAVDAKLTTDFGQR,0,
MLNERFSILVLLLILLTFSLG,0,
MLSLIFYLRFPSYIRG,0,
MLTYTGTVINVQTFAAKPDP,0,
MLVGMTEMVN,0,
MLVLYRKRFSGFRFYFLSIFKYII,0,
MLYANPNTESSPVGFRKKYDNFI,0,
MMIPGHFDYHRPKSV,0,
MMKHVIILVILLVISFQAY,0,
MMKLVIILIVLLLVSFAAY,0,
MMKLVIILVVLLLLSFPTY,0,
MMRLVIILIVLLLISFSAY,0,
MNAAIFRFFFYFST,0,
MNEQSMKPYVIGLDLGGTNSVFGIV,0,
MNERVKQVASALVDAIQKTLTEQRV,0,
MNFKYIKKDG,0,
MNGRPSVFTSQDYLSDHLWRALNA,0,
MNILHICVTSKWFNIDNKIVDHRP,0,
MNIPPGD,0,
MNKKSIRNVNLKGKRVFDRV,0,
MNNSCLSQSTQWWWRAN,0,
MNNSTKFCFSRFRTGN,0,
MNNTEFYDRLGVSKDASQDEIKKA,0,
MNPCSSNCSCGASCTCSGCSSHKK,0,
MNRIGMITTIITTTITTGNGAG,0,
MNRVQFNHHHHHHPD,0,
MNSVQFKNHHHHHHPD,0,
MNTQL,0,
MNVQFTVNGRAASIDVPPNTLLVQ,0,
MPGKVQDFFLCSLLLCIVSAGWCG,0,
MPGKVQDFFLCSLLLRIVSAGWCD,0,
MPGLDSPAAVRRAAMDLLAR,0,
MPNISEIIDSINRRSMAEIIT,0,
MQLTPPEVEK,0,
MQMQEKGWKIIIEEQ,0,
MQNQRIRIR,0,
MQTLPKERRY,0,
MQVNLRCSE,0,
MQWDEAIHGS,0,
MQWTTPSYTDLRFGFEITMYIANR,0,
MQYISLNTTIITTTETTGYGAG,0,
MRAKWKKKRMRRLKRKRRKMRQRSK,0,
MRAKWRKKRMRGLKRKRRKMRQRSK,0,
MRAKWRKKRMRRLKRKRRKMRARSK,0,
MRAKWRKKRTRRLKRKRRKVRARSK,0,
MRAKWRKKRVRRLKRKRRKTRARSK,0,
MRDKWRKKRVRRLKRKRRKMRARSK,0,
MREAICIHIGQAGYQIGNACSQLFC,0,
MREKWKKKRSRRLRRKRRKMRARSK,0,
MRELIRLVSSAGTGHFYT,0,
MRFCWQKSIHGS,0,
MRFYFYSQAVDESGVTR,0,
MRINTNINSM,0,
MRITVNVDGTSYTDEVEPRTLLVH,0,
MRKYEIMYIIRPDMD,0,
MRNIKVKPFLN,0,
MRRAVILVLDRAGPV,0,
MRTGNAN,0,
MRWEKPSYNDMRFGFEVTMYIYNR,0,
MRYISLNTTIITTTETTGYGAG,0,
MSIADLKSRLIKASTS,0,
MSILPLVHAMANVRGDIEYLTEA,0,
MSKRAMKKIIPLITLFVVTLVG,0,
MSKRVEVLLTQLPRPTA,0,
MSKVIETKQQVVTEIADKLRA,0,
MSPLKAVAVLTGADVKGVVQFT,0,
MSQNTKGKLSLVGLSLMI,0,
MSQSKYRQL,0,
MSRLFFVCRKVR,0,
MSSSHIFIGETIGT,0,
MTASMRLK,0,
MTDTPLSAAEF,0,
MTHSMRLRFPTLNQ,0,
MTKDEPLEGNVGVLT,0,
MTKKAVVVLWGISQVEGVVNLLQE,0,
MTLDVFTKVVSQADSRG,0,
MTLIKYKRKNIQFYKKIIANGYAK,0,
MTPPENKNLVQENKELIQEVLKA,0,
MTPRGFSCLLLPTSETDLPVKRRT,0,
MTRRYWNIDLE,0,
MTRSLKKNPFVANHLLNKIDKLNT,0,
MTRVQFKHHHHHHHPD,0,
MTRVQFKQHHHHHHPD,0,
MTTDD,0,
MTTRGFSCLLLLIREIDLSAKRRI,0,
MTWSKPAYTDLRIGFEVTMYFASR,0,
MVKIGINEFGRIGRLAFRRIYEL,0,
MVKLRLKRCGRK,0,
MVKQIEFKYAFQEALNSAGDK,0,
MVKTPITEAIAAADTQGRFLS,0,
MVPVPVHHMADELLRNGPDTVI,0,
MVPYRNPRHQHVASVLRSGG,0,
MVTMVKKWLLLMTFMAGCRGMIY,0,
MWPFPSDK,0,
MWTKPAYTDLRIGFEVTMYFANR,0,
MWTKPAYTDLRIGFEVTMYFASR,0,
MWTKPKFEEMRLGFEVTLYISNR,0,
MWTKPSFTDLRLGFEVTLYFANR,0,
MYAFSYSTPRTLDEVSAAS,0,
MYIFITHFFTEYVILKYLLPI,0,
MYVLQEINPGITS,0,
NACSSDLNSK,0,
NAIPGNYYRWPYAKVPYVID,0,
NAPPNLTLR,0,
NAPWAQIDEV,0,
NDPEVPGMWFGPRL,0,
NDWRNAMYPVVPGHE,0,
NEEEKVKWEPDVP,0,
NEEEKVKWQPDVP,0,
NEEVLFGGR,0,
NEQSGISQTVIVGPWGAQVT,0,
NEQSGKSQTVIVGPWGAQVST,0,
NEQSGKSQTVIVGSWGAKVS,0,
NEVDIVGALNADLTQFL,0,
NFDEIDRSGFGFN,0,
NFLGTLINLAKKIM,0,
NGAPQPFVRF,0,
NGGTSGLFAFPRV,0,
NHQLTQENERLTQK,0,
NIPQLTPTP,0,
NLAPLDLQTPTAFDNNYYK,0,
NLFQFGEMILEKTGKEA,0,
NLGKQWAVGHFM,0,
NLIQLSNMIKCAIPGSQPLF,0,
NLMQFELLIMKVAGRSGIVWYSDY,0,
NLVQFGKMIE,0,
NLYQFGNMIQCTIPGSNPLL,0,
NMYLPPVPPPPVVPTF,0,
NNRSPQLRLRF,0,
NPASGFFGMR,0,
NPLFGIAGEDGPTGPSGIVGQ,0,
NPQQDFMRF,0,
NPTNLH,0,
NPVDDHHDDHHDAPIVEHHD,0,
NPVLPCPVGSLYK,0,
NPVVRITNGAIRGQN,0,
NQCPQAYSYAK,0,
NQDCRPGWSFYEQNCYKVF,0,
NQEGLFGGR,0,
NQEGLFHGR,0,
NQEGLFRGR,0,
NRNFLRF,0,
NRPYSFGL,0,
NRTFKTNTKCHVKNQCNFLCQ,0,
NSDEQFDDYGYMRF,0,
NSELINAILGSPTLFGEV,0,
NSELINAILGSPTLMGEV,0,
NSELINSILGLPKVMNDA,0,
NSGGGEGSGMWFGPRL,0,
NSGMINSILGIPRVMTEA,0,
NSMERVEELRKKLQD,0,
NSTMNSLLQLGR,0,
NSVVLGKKQRFHSWG,0,
NVCHGSDSVESANKEIDLWFK,0,
NVQLDPFFQEQQQYYQQQQAFFL,0,
NVTELIGNTPLVELI,0,
NYDKNFLRF,0,
NYDKNFYEDTLP,0,
NYDKPPVEKPPVYKPPVEKPPVYKP,0,
NYIYSGHNYHQ,0,
NYQYSPPPPPKKKYY,0,
PAGHGARARTRDLFAR,0,
PAKQVAFAEHAREKMLRGVNVLA,0,
PALIPFPRV,0,
PAPDSSFLRDP,0,
PAPESNFVRDP,0,
PAPETNYLRDP,0,
PAQPFRFPKHPQGPQTRPPI,0,
PAQPFRIKKRQGPFERP,0,
PASDSGFLRDP,0,
PDMYAFGL,0,
PDNFMRF,0,
PDVDHVFLRF,0,
PDYLQLARA,0,
PEDPQRRYQEEQRRE,0,
PEEVHHGEEEVETFAFQAEIAQLM,0,
PFDRISSSAFSDF,0,
PFNVGGLDKFGTLN,0,
PGGGVSGALSSLVQSLVR,0,
PGMGIYLPM,0,
PGQDFMRF,0,
PIDPGV,0,
PIFTFASNVPADTITGFFL,0,
PKDSMLLLQVPVY,0,
PKPPDRG,0,
PNIQTKIIEQIWKEHIFQGTVVK,0,
PPGFTPFRIY,0,
PQISRQEYGGLFGPT,0,
PQRGEGGRAGNLLREEQEI,0,
PQTETKASVGFKAGVK,0,
PVPDSSFLRDP,0,
PYDRISGSAFSDF,0,
PYDRISNSAFSDF,0,
PYDRISSSAFSDF,0,
PYLLNLPPEK,0,
QADPKTFYGLM,0,
QADPNAFYGLM,0,
QADPNKFYGLM,0,
QAKSQGGSN,0,
QDGKSSFQKEGGGVR,0,
QDKPFWDPPIYPV,0,
QDKPFWPPPIYIM,0,
QDKPFWSPPIYPV,0,
QDPYVDFLK,0,
QDSGDGWPQQPFVPRL,0,
QEDIEAGKQKSATCTACHGQEGNST,0,
QELASFHSVSKGFMGECGFR,0,
QERRQSPE,0,
QESGEVIIEIPR,0,
QEYRGWMDF,0,
QFPTDYDEGEDDRPKSGLGAR,0,
QFPTDYDEGQDDRPKLGLGAR,0,
QGGGPQWAVGHFM,0,
QGIGVGDNDGKRGKR,0,
QGLFTSDQDLYTDSR,0,
QGLIAFPRV,0,
QGLIPFPRV,0,
QGLISFPRV,0,
QGPWMEEEEAAYGWMDF,0,
QHLADYDEVDDDRAKLHLDAR,0,
QHLADYDEVEDDRAKLHLDAR,0,
QHSTDYDEVEDDRAKLHLDAR,0,
QHWSDYFKPG,0,
QHWSHGWLPG,0,
QHWSHGWYPG,0,
QHWSLCHAPG,0,
QHWSYGLQPG,0,
QHWSYGWLPG,0,
QHYSLEWKPG,0,
QIPWFHR,0,
QKIQEIDLQTYLQPQ,0,
QKKDKDRFYGLM,0,
QKKDKKDK,0,
QKKDKKDKFYGLF,0,
QKKDKKDKFYGLM,0,
QKKDKKDR,0,
QKKDKKDRFYGLF,0,
QKKDRFLGLF,0,
QKLCERPSGTWSGVCGNNNACKN,0,
QKNDKKDRFYGLM,0,
QKVAVRLKEVVYTLSPHQQN,0,
QLAELKYVI,0,
QLASDDYGHMRF,0,
QLFQPPFR,0,
QLHVNKARRPYIL,0,
QLNFSPGW,0,
QLNYSPDW,0,
QLTFSPDW,0,
QLTFSSGWGN,0,
QLTFTPGW,0,
QLTFTPGWGY,0,
QLTFTPNW,0,
QLTFTPNWGT,0,
QLTFTSSWG,0,
QLWPRPHIPP,0,
QLWPRPQIPP,0,
QLYAPSALVLTVGQQD,0,
QNPNRFIGLM,0,
QPDPNAFYGLM,0,
QPEESVFFA,0,
QPHPDEFVGLM,0,
QPHPNEFVGLM,0,
QPNPDEFVGLM,0,
QPNPNEFFGLM,0,
QPPGGSKVILF,0,
QPPTPPEHRFPGLM,0,
QPSKDAFIGLM,0,
QPSQDFMRF,0,
QPWIPFV,0,
QPWLPFG,0,
QPWLPFR,0,
QQDYGTGWFDF,0,
QQDYTGAHFDF,0,
QQDYTGAHMDF,0,
QQDYTGSHMDF,0,
QQDYTGWMDF,0,
QQGEGGPYGGLSPLRFS,0,
QQRFPQRYVQLVITVDHVMN,0,
QQRLGNQWAVGHLM,0,
QQWAVGHFM,0,
QRFIHPTYRPPPQPRRPVIMRA,0,
QRLGHQWAVGHLM,0,
QRPEYPVWREKGAV,0,
QSAREQG,0,
QSDDYGHMRF,0,
QSERFEQQMQGQDFSHDERFLSQAA,0,
QSFGNQWARGHFM,0,
QSSFHSWG,0,
QTFHYSQGWTN,0,
QTFQYSRGWTN,0,
QTLLQELPIPP,0,
QTPQWATGHFM,0,
QTSFTPRL,0,
QVHHQK,0,
QVNFSPGWG,0,
QVNFSPGWGT,0,
QVNFTPGW,0,
QVNFTPNWGT,0,
QVNFTPSW,0,
QVRFRQCYFNPISCF,0,
QVRYRQCYFNPISCF,0,
QVSLKYPEGKMYSFGL,0,
QVTFSRDWSP,0,
QVWYDREVTAFVEPG,0,
QWFGPYPPVNYIN,0,
QYADCSEIYNDGFK,0,
QYVKDPDKQVVARIFLDLQLVQR,0,
RARPRF,0,
RASNLTIHPL,0,
RATVAQPR,0,
RCVCTRGFC,0,
RDSNVTILPLRNMKD,0,
RDVDVGSFLPKSPSDPSMVL,0,
RDWRREQERRQERR,0,
REVCELNPDCDELADHIGFQEAYR,0,
RGDKDIFTVHDILKARGEI,0,
RGSNLIIHPLRNIRDTFYVGNIT,0,
RGSNLTHPLRNI,0,
RGSNLTHPLRNIGDLFYVGN,0,
RGSNLTHPLRNIRDLFYVG,0,
RGSNLTIHPLRNIIDLFYVG,0,
RGSNLTIHPLRNIKDLVYLGNMGIG,0,
RGSNLTIHPLRNTKDLVYLG,0,
RGSNLTIHPLRNTNDIDY,0,
RGSNLTSLPLQNVIDLFYVGNITIG,0,
RGSNLTTHPLRNIKDLVVYM,0,
RHHRKRIGHTIKQLAKLVKHIHEY,0,
RHHRKRIGHTVKQLAKLVKHIHEY,0,
RIISSVAVAVAGTA,0,
RIPSTEEVVVRTESG,0,
RKSAGKPKN,0,
RKTAGKPKN,0,
RLCIPVIFPC,0,
RLCIPYIIPC,0,
RLHQNGMPFSPRL,0,
RLKVIPEKLKDVKLVCTDVFGDN,0,
RLRSKGKK,0,
RLSKKPGKVKE,0,
RPEEIGAGDQGHMFG,0,
RPKPQQFFGLM,0,
RPPGFSPF,0,
RPPGFSPFRIAPAS,0,
RPPGFSPFRVAPAS,0,
RPPGFSPFRVD,0,
RPPGFTPF,0,
RPPGFTPFR,0,
RPPGFTPFRIA,0,
RPPGFTPFRIY,0,
RPSFNSWG,0,
RQQPFVPRL,0,
RQRVEELSKFSKKGAAARRRK,0,0
RRRRRRRRHRRRRGRRGRRSRGRR,0,
RRWCFRVCYRGFCYRKCR,0,1
RVCFAIPLPICH,0,
RVCYAIPLPIC,0,
RVCYAIPLPICY,0,
RVSNLTIHPLRNIIDLRYVG,0,
SADPNFLRF,0,
SANAKNDFMRF,0,
SAPSQDFMRF,0,
SASSGESSGMWFGPRL,0,
SATAAREEYQRKRSQFIEIG,0,
SCLEYGHSCWGAH,0,
SCNCVCGFCCSCSP,0,
SCNCVCGVCCSCSP,0,
SCTTCVCTCSCCTT,0,
SDMYSFGL,0,
SDNSVVLRYGDGEYSYPVVD,0,
SDPAGGEFLAEGGGVR,0,
SDPEVPGMWFGPRL,0,
SDRNFLRF,0,
SDTVDIYDAGKILERVII,0,
SDYLQLAR,0,
SDYLQLARG,0,
SDYLQLART,0,
SDYSRKRDPPQKYEEE,0,
SEAENDLMNKLFTAYNPKVRPAEK,0,
SEEEKRQPWLPFG,0,
SEGGQDFWL,0,
SEKITVFQKNFQVTENSSHFV,0,
SENTGAIGKVFPRGNHWAVGHLM,0,
SESEVPGMWFGPRL,0,
SESILIVHQQQSRSSGS,0,
SEVGALVFQPKTRF,0,
SFDSSVLTK,0,
SFQCELVFAK,0,
SFSESLAAAR,0,
SGADTTFLTK,0,
SGDTSSQAKGMWFGPRL,0,
SGETSGEGNGMWFGPRL,0,
SGFVLKGYTKTSQ,0,
SGGEMSNMGHSMEE,0,
SGGGDGSGMWFGPRL,0,
SGGGEGSGMWFGPRL,0,
SGGGKEAAETFNRVESHPRPDA,0,
SGGKKIKVDKPLGLGGGLTVDIDA,0,
SGHTKIKVAVDT,0,
SGKPTFIRF,0,
SGLDSLSGATFGGNR,0,
SGLLINQPKYSWLKELGL,0,
SGLLMNFGEQHVNVAQ,0,
SGLQFAVLDGQGFIPFPRV,0,
SGLQFAVLDGQGFLPFPRV,0,
SGLQFAVLDGQGFLPFSRV,0,
SGLQLLDLSNNREVEML,0,
SGPGFMGVR,0,
SGQSWRPQGRF,0,
SGQYSFGL,0,
SGSAKVAFSAIRSTNH,0,
SGSNLTTV,0,
SHAKVETDEE,0,
SHDKPDHIRLFELKKDDLLISVHNA,0,
SHDVNINIQFGFENPQQVVD,0,
SHGKQETDEEFDARWVTYFNKSDI,0,
SHGSHETDEEF,0,
SHYAEGPGKN,0,
SIFAFQDESPSAIAQAKLFK,0,
SIGFDGLNDPDIVAR,0,
SIKEKICKIIEAKIGKKPPFCP,0,
SINNTGGSGNRRLDKNGFAGQ,0,
SISAMQFIQR,0,
SIVPLGLPVPIGPIVVGPR,0,
SIYVGNLSYD,0,
SKDNQKNYIPLIVPFAT,0,
SKGKKANKDVELARG,0,0
SKSLFYQKQYDNINE,0,
SKTPIRVAVTGAAGNIGYHLLFRIA,0,
SLEDIEHEVEELLR,0,
SLGSGGSL,0,
SLGSPAVAEPAVIAE,0,
SLIPHAINAVSAIAKHF,0,
SLLEFGMMILEE,0,
SLLSLIRKLIT,0,
SLNTKNDFMRF,0,
SLVSLNEPKDEIYMESQP,0,
SMIGGVMSKG,0,
SMLSVLKNLGKVGLGFVACKINKQC,0,1
SMLSVLKNLGKVGLGLVACKINKQC,0,
SMPSLRLRF,0,
SNDIYFNFQR,0,
SNDVSWHEWKRMYNKEYNGA,0,
SNGSNIDVAGAVNTLVETAGKLFQ,0,
SNPNFILTLVNNVPYTIWPA,0,
SNRSPSLRLRF,0,
SNTALRRYNQWATGHFM,0,
SNTKQPTPLGGVIFA,0,
SNTSHQDFHSFYGTNLMIGG,0,
SNVCFNACMKISSSQKTCQILC,0,
SPAFDDEHNDNFLRL,0,
SPAFNSWG,0,
SPAFQAQKQAKVNDVLDKLY,0,
SPALDDEHNDNFLRF,0,
SPALDDEHNDNFLRL,0,
SPASGFFGMR,0,
SPATMGFAGVR,0,
SPCTCSTCNCAGACNSCSCTSCSH,0,
SPEFTV,0,
SPGALEDEHNDNFLRF,0,
SPLEQFSILMLIPM,0,
SPPAPFVPVPIN,0,
SPPEAAYGPGNTNSDSGDK,0,
SPPFAPRL,0,
SPPSQDFMRF,0,
SPSLDDERNDNFVRL,0,
SPSQDFMRF,0,
SPTEQPYSSAAPLI,0,
SPTLDDEHNDNFVRL,0,
SPTQDFMRF,0,
SPTVIALRVVEALSPR,0,
SPVISYDKT,0,
SPVPEDDRGDNFVRL,0,
SQEDTPL,0,
SQISLRGS,0,
SQISLRGSNLTI,0,
SQTQSFNFNKFEQNK,0,
SRDIVSVYDD,0,
SRLPPATRDKLADEITFFPA,0,
SRPYSFGL,0,
SRSELIVHQR,0,
SSGGGDGSGMWFGPRL,0,
SSGGGEGSGMWFGPRL,0,
STAGDTHLGGEDF,0,
STAKSTA,0,
STDALSK,0,
STHTSDFLKL,0,
STIEVRNNSPYYSVD,0,
STRTPEFLGLDNQCGVWA,0,
SVAALAAQGLLYNAPK,0,
SVAGRAQGM,0,
SVFAFENEQSSTIAPARLYK,0,
SVFAFQDESTSTIAQARLFI,0,
SVQDNFIRF,0,
SVQFKPRL,0,
SVSNIPESIGF,0,
SVTADNASETKVREIGQEKSS,0,
SVYYGSIEAGGTKFVLAIADEHFNI,0,
SWANLNTFGR,0,
SYAMEHFRWGKPV,0,
SYSMEHFRWGKPV,0,
TAANVKIFNTEEVQNFINLL,0,
TAGFGVFTNIINGGLECGK,0,
TDGKEGEFIAEGGGVR,0,
TDMLAVSVSSTDAIGHKYGT,0,
TDPLWQLPGAHLEQYLS,0,
TDSIKETIKETVNHQAEWPY,0,
TDVDHVFLRF,0,
TDVKESEFIAEGAVGR,0,
TDVLGLPAK,0,
TEEGEFLHEGGGVR,0,
TEFGPSQPFKGAK,0,
TESLVLSPAPAKPKRA,0,
TESYFVFSVGM,0,
TETQSFNFNVFEPEN,0,
TETTEGDFIAEGGGVR,0,
TFVSSQVSGPR,0,
TGDMSGEGKGMWFGPRL,0,
TGVAWRIT,0,
THDFMRF,0,
THLFQPSLVLDMAKVLLDN,0,
TIFLQQQQQQQQQQQ,0,
TKDEGTFIAEGGGVR,0,
TKKDGEEKVA,0,
TKQTLKVLITGAAGQIGYSL,0,
TLASAIASAR,0,
TNAENEFVTIKK,0,
TNDFMRF,0,
TNRNFLRF,0,
TNSKEGEFIAEGGGVR,0,
TPASGFFGMR,0,
TPDHREVPSFSSRWEPNFGLTFSK,0,
TPGQDFMRF,0,
TPLKESTCYLPKETGPCVGYFFRYY,0,
TPLWSLMQDLMM,0,
TPNRDFMRF,0,
TPPQPADNFIRF,0,
TPQIQKPAPQFSKTALLPDE,0,
TPSDGFMGMR,0,
TPSQDFMRF,0,
TPVVNPPFLQQT,0,
TQAGSQNPNDLSPGP,0,
TQSTGTSQTIAVGLWGGPDN,0,
TQSTGTSQTVEVGLWGGPDN,0,
TQVTVEYVNEGGAMV,0,
TRRFDDVLDEVKGFFEVH,0,
TRTPVNVTVTGAAGQIGYAL,0,
TSHGGGKAGKSKLLDVNY,0,
TSSGCPNFESLVR,0,
TSTLSWLDEITMEELERNPY,0,
TSTVFSDGQR,0,
TTPQEVLSRIKDQGIKLIDLKFI,0,
TVAACNSPKVGLDSDAELVR,0,
TVKVTVTGAAGQIGYALLFR,0,
TYKKPPFNGSIF,0,
VAAGRPRF,0,
VAGKSFVPIAAGRQ,0,
VAGKSFVPIALGRQSKQTPF,0,
VAGPFRIPPLRREFQ,0,
VAGRSVVKIAEGYL,0,
VAIRIIWSDIQD,0,
VALGGCLPTVQLGR,0,
VARSLLIFEVQQPFLFLL,0,
VATFTLPDLPYDYGALEPAV,0,
VDDTTPLSEETMMRIGGYMV,0,
VDEQLPRTIMNIFEK,0,
VDFDSESPRRPEIQ,0,
VDKPDYRPRPRPPNM,0,
VDKPDYRPRPWPRNMI,0,
VDKPDYRPRPWPRPN,0,
VDTSRLFLTVVNNPPTVV,0,
VDTVVRKNVDSL,0,
VDWKKIGQHILSVL,0,
VEIIANDQGNR,0,
VEQDPYEIVIKQLERAAQYMEISE,0,
VERYAFGL,0,
VETDKATVGF,0,
VEWSDSERKTLVSVWGKI,0,
VEWTDAERKAIASL,0,
VFEIAPSAK,0,
VFQFLGRIIHHVGNFVHGFSHVF,0,
VGFFT,0,
VGGLIAYDNIEISQIPVGDGVTLC,0,
VGKFPLLANSR,0,
VGLVFNPYNR,0,
VGQDATISFK,0,
VGTRVVRIEDQQLITQGGTYVEDL,0,
VIDVNDEW,0,
VIEVVYLRTPFSAGNATT,0,
VIGGSDTTIGQYPHQLSLR,0,
VIGGTNASPGEIPWQLSQQRQSGSW,0,
VIPFVASVAAEMMQHVYCAASRRC,0,
VIPFVASVAAEMQHVYCAASRKC,0,
VISIIPV,0,
VKIGTYELLKGDFSV,0,
VKKVAIIGAGVSGLASIRS,0,
VKMELDGGVASNSR,0,
VKTPITEAIAAADTQG,0,
VKVYNQFGTKVELGVSMRIF,0,
VLDELTADR,0,
VLDIYEQKLGQTRVLDIYEQK,0,
VLLDGNGEVVQNGGTYYLLP,0,
VLPIIGNLLNSLL,0,
VLPLISMALGKLL,0,
VLSHNNESSYSDTSSCTSQ,0,
VLYQAVNVFSMDVIDVNSAAPKTCD,0,
VLYSPDTKVPR,0,
VMYYSLPRPV,0,
VNDGYLDNGLQEGDFE,0,
VNPIILGVLPKFVCLITKKC,0,
VPASGFFGMR,0,
VPATIPLTITNDSGG,0,
VPPGFTPFR,0,
VPPGFTPFRQ,0,
VPPGFTPFRQS,0,
VPPIGWF,0,
VPPKGVSM,0,
VQIFVRDNNVDQALKALK,0,
VRPYLVAF,0,
VRPYLVAFYESH,0,
VRYADENVRTKEAKKK,0,
VSAKPARTPT,0,
VSDSQNSQDGLDPE,0,
VSGSGIMAKRVVVDA,0,
VSGTSYADYLR,0,
VSGVADER,0,
VSHNNFLRF,0,
VSVVGTVR,0,
VSYNSKFLAATVQAEPVVLDA,0,
VTAKAVAAAEAASSAR,0,
VTFVEGGPMKYSLIEGDALANK,0,
VTIGKEGTLT,0,
VTIGPVCELPKEVGGPCRGHIIPRY,0,
VTLDVED,0,
VTSWSLCTPGCTSPGGGSNCSFCC,0,
VTVGHVF,0,
VTVYDAEGTKVQIDGSLRVEL,0,
VTVYDAEGTKVQLDGSIRLVM,0,
VTVYDAEGTKVQVDGSLRLVE,0,
VTVYENEGTKVDFDGNLRLLL,0,
VVAAGANPVLITRDLVNVLEDAIR,0,
VVAFERAK,0,
VVDIVDTFRNNIQGATK,0,
VVDTTAAGDTFLGSLASKLELDE,0,
VVGGEVARAHSWPWQISLQY,0,
VVNGKPTRTNVGRMVSLKYRNKHI,0,
VVNTPGHAVSYHVY,0,
VVSCADILTLAAR,0,
VVSLSIPR,0,
VVVTLASGLEMCDTTTDGGGWTIFQ,0,
VVYTDCTESGQNLCLCE,0,
WFDPLRITETTTGSVTLK,0,
WIGRW,0,
WKQMSVW,0,
WLGSALKIGAKLLPSVVGLFKKKKQ,0,
WLGSALKIGAKLLPSVVGLFQKKKK,0,
WLNALLHHGLNCAKGVLA,0,
WLRMASGLTDYR,0,
WLSGVDKIRGVNLGSAFIIE,0,
WNETSDKDLYTDSR,0,
WREMSVW,0,
WVDADLNGLR,0,
YAEVPSPAAQAPTAD,0,
YAFGYPS,0,
YAIVARPRF,0,
YCSYTMEA,0,
YDASLKPNLQIPQKNIPNNDAVNIK,0,
YDDGSYKPHIYGF,0,
YDIPEPFRWDESFKVFYE,0,
YDKKVDSIILFGVNG,0,
YDPSPLQDFCVAD,0,
YDRYEVVYR,0,
YEDAYALQYCPR,0,
YEYSVYREIIGSGHIIAR,0,
YGEPIGVETLTK,0,
YGEPKLDAGV,0,
YGETAAVYVAVESR,0,
YGIHCNTLL,0,
YGLAADNVLDAR,0,
YGLAGDHVLDAR,0,
YIQGYSGDVR,0,
YKKHPAKRTHIENDDRINQIDR,0,
YKSDSFYGLM,0,
YLGPTADSTMDQTFANN,0,
YLKGCWTKSYPPKPCFSR,0,
YMFHLMD,0,
YMFHLMN,0,
YNPASNQCQGF,0,
YPDGFDGEAV,0,
YQCGQGG,0,
YSFGL,0,
YSKSLPLSVLNP,0,0
YSLRARPRF,0,
YSQVSRPRF,0,
YTATRDNCCILDERFGSYCPTTCG,0,
YVMGHFRWDKF,0,
YYVDLQNR,0,
KLLLK,,1
VRRRRRPR,,1
KWRRWIRWL,,1
KLLKKFKKLQ,,1
PRRRRSSSRP,,1
FLGALFKVAWK,,1
FLKWLFKWLKK,,1
KKLFKKILKWL,,1
KRAKKFFKKLK,,1
KWLRRVWRWWR,,1
PKLLKFLKWIG,,1
GLLSGTSVRGSI,,1
LNWGAILKHIIK,,1
LRLQYRRFQYRV,,1
RRRRRRWFWFWF,,1
FIKRIARLLRKIF,,1
FLPILGKLLSGIL,,1
FLPLVTMLLGKLF,,1
FVPWFSKFLGRIL,,1
FVRWFSKFLGRIL,,1
ILGKILEGIKSLF,,1
ILPWKWPYLPWRR,,1
RLCRIVWVIRVCR,,1
VRRFGWWWGFLRR,,1
ACYCRRRFCVCVGR,,1
FLGALLGPLMNLLQ,,1
HFLLKLVNLAKKIL,,1
INWLKLGKKMMSAL,,1
LKLASIVSWAKKVL,,1
RLCYTRGRFTVCVR,,1
VCYCRRRFCVCVGR,,1
ILPIIGKILSTIFGK,,1
KWKKFKKIGAVLKVL,,1
PKLLKTFLSKWKKIG,,1
VNSKKISPKSIKVSK,,1
AVDLAKIANKVLSSLF,,1
IISTIGKLVKWIIKTV,,1
ILGKLLSTAAGLLSNL,,1
RGGRLCYCRRRFCICV,,1
RGGRLCYCRRRFCVCT,,1
FLGMIPKLIKKLIKAFK,,1
FVKLKKILNIILSIFKK,,1
KWKKLLKKLLKLLKKLL,,1
VGTIIKIIKAIIDIFAK,,1
GFFALIAQIISSPLFQTL,,1
GLLGPLLKIAAKVGKNLL,,1
KLLKLLLKLWLKLLKLLL,,1
KWKLFKKILKFLHLAKKF,,1
NGVQPKYRWWRWWRRWWW,,1
RGGRLCYCRRRFCVCVGR,,1
SWLRDIWDWICEVLSDFK,,1
IGKKWKRIVKRIKKFLRKL,,1
KFAKKFKWFAKAAFKFFKK,,1
RPPQFTRAQWFAIQHISLN,,1
ALWMTLLKKVLKAAAKAALN,,1
FLGAIAAALPHVINAVTNAL,,1
FLPLLLAGLPLKLCFLFKKC,,1
GIGAILKVLATGLPTLISWI,,1
IIGAIAAALPHVINAIKNTF,,1
WLRRIGKGVKIIGGAALDHL,,1
FLHHIVGLIHHGLSLFGDRAD,,1
GFMKYIKPLIPHAVKAIKKLI,,1
GIFGKILGVGKKVLCGLSGVC,,1
GLLSGILGAGKHIICGLSGLC,,1
KKLFKKILKYLTTGLPALISW,,1
KWKKLLKKLLKLLKKLLKKLK,,1
RAGLQFPVGRLLRRLLRRLLR,,1
RWCVYAYVRGRGVLVRYRRCW,,1
RWCVYAYVRVRGRLVRYRRCW,,1
FFHHIARGIVHVGKTIHRLVTG,,1
FIHHIIGWISHGVRAIHRAIHG,,1
MQFITDLIKKAVDFFKGLFGNK,,1
AAGLAMLFLGILSAAGSTMGARA,,1
GIGKFLHKVGSFIKSWKGEIMNS,,1
GLKEIFKAGLGSLVKGIAAHVAS,,1
GWKKWLRKGAKHLGQAAIKGLAS,,1
RWGKWFKKHVGKHVGKAALTAYL,,1
FIGPVLKIAAGILPTAICKIFKKC,,1
FLGSLLGLVGKVVPTLFCKISKKC,,1
FLPIIAGVAAKVLPKLFCAITKKC,,1
FLPILASLAAKFGPKLFSLVTKKS,,1
FLPLLAGLCKITRKCAANFLPKIF,,1
FLSTALKVAANVVPTLFCKITKKC,,1
FVGPVLKIAAGILPTAICKIYKKC,,1
GKGRWLERIGKAGGIIIGGALDHL,,1
GLNALKKVFKGIHEAIKLINNHVQ,,1
GWLPTFGKILRKAMQLGPKLIQPI,,1
VIPFVASVAAEMMQHVYCAASKKC,,1
GCKKWFKKAAHVGKNVGKVALNAYL,,1
GWASSIGSILGKFAKGGAQAFLQPK,,1
GWKKWFNRAKKVGKTVGGLAVDHYL,,1
KWKKLLKKLLKLLKKLLKKLKKLLK,,1
SMLSVLKKLGKVGLGFVACKINKQC,,1
SMLSVLKNLGKVGLGFVKCKINKQC,,1
NGVQPKY,,1
KWRRWVRWI,,1
QRLFQVKGRR,,1
FLGWLFKWAKK,,1
FLWALFKVASK,,1
KRAKKFFKKPK,,1
LKLLKWLLKLL,,1
RRFPWWWPFRR,,1
ILGIITSLLKSL,,1
LNWGALLKHLLK,,1
PKLLKFLSKWIG,,1
RWWRWWRRWWRR,,1
FLKALFKVALKVL,,1
FLPWFSKFLGRIL,,1
FVQWFSKFLGKIL,,1
FVRWFSRFLGRIL,,1
ILGKILKGIKKLF,,1
ILPWKWKWWPWRR,,1
IPPFIKKVLTTVF,,1
NWKGIAAMAKKLL,,1
CKLLLKWLLKLLKC,,1
KRLFKELKFSLRKY,,1
LKLKSIVSWAKAVL,,1
RRLCRIVVIRVCRR,,1
FLAGLIGGLAKMLGK,,1
IWRIFRRIFRIFIRF,,1
VNWKKILGKIIKVVK,,1
WFKKIPKFLHLLKKF,,1
ILGKLLKTAAGLLSNL,,1
ILGKLLSTAAKLLSKL,,1
ILGKLLSWAAGLLSNL,,1
RGGRLCYCRRRFCVCV,,1
FVKLKKILNIINSIFKK,,1
KWKLFKKIPFLHLAKKF,,1
GLLGPLLKIAAKVGSKLL,,1
KLALKLALKALKAALKLA,,1
KNLRRIIRKGIHIIKKYF,,1
QCRRLCYKQRCVTYCRGR,,1
RRWCFRVCYKGFCRYKCR,,1
GFKDLLKGAAKALVKTVLF,,1
GWKKWLRKGAKHLGQAAIK,,1
IGKLFKRIVKRILKFLRKL,,1
KLLLKLLKLLLKLLLKLLK,,1
AWKVFKRLGIGAVLWVLTWG,,1
FLPFLLSALPKVFCFFSKKC,,1
FLPLLLSALPSFLCLVFKKC,,1
GIGAVLKVLTTGLPALISWI,,1
AGYLLGKINLKALAALAKKIL,,1
GFMKYIKPLIPHAVKAISKLI,,1
GIGKFLKKAKKFGKAFVKMKK,,1
KNWKGIAGMAKKLLGENWELM,,1
KWKKLLKKLLPLLKKLLKKLK,,1
RGCVYAYVRVRGVLVRYRRCW,,1
RWCVYAYVRRRGVLVRYRRCW,,1
RWCVYAYVRVRGSLVRYRRCW,,1
RWCVYAYVRVRGVLVRYRRCS,,1
RWCVYSYVRVRGVLVRYRRCW,,1
FFHHIFRAIVHVAKTIHRLVTG,,1
FLGSIVGALASALPSLISKIRN,,1
KFHHIFRGIVHVGKTIHRLVTG,,1
GIGAVLTTGLPALISWIKRKRQQ,,1
GIGKFLHSAGKFGKAFIGEIMKS,,1
GLKEVLHSTKKFAKGFITGLTGQ,,1
GWRKWIKKHVGKHIGKAALDAYI,,1
VFQFLGKIIKKVGNFVKGFSKVF,,1
FLGAIAGVAAKFLPKVFCFITKKC,,1
FLPAIVGAAAKFLPKIFCAISKKC,,1
FLPGLIKAAVGIGSTIFCKISRKC,,1
FLPILAGLAAKIVPKLFCLATKKC,,1
FLPLIAGVAASILPKIFCFITKKC,,1
FLPLLAGVVANFLPQIICKIARKC,,1
FLPVIAGVAANFLPKLFCAISKKC,,1
FLSTLLNVASKVVPTLFCKITKKC,,1
FWGALAKGALKLIGSLFSSFSKKD,,1
GLKALKKVFKGIHKAIKLINKHVK,,1
GLNALKKVFQGIHEAFKLINNHVQ,,1
AWASFFKKAAHVAKHVAKAALTHYL,,1
GFIATLCTKVLDFGIDKLIQLIEDK,,1
GIRKWFKKAAHVGKEVGKVALNACL,,1
GWGSFFKKAAAVGKAVGKAALTAYL,,1
GWKSVFRKAKKVGKTVGGLALDHYL,,1
LDVKKIICVACKIKPNPACKKICPK,,1
SMLSVLKNLGKVGLGFVACKIKKQC,,1
FFFLSRIF,,1
FLGFLKNLF,,1
LKWLLKWLL,,1
LLLKKFKKLQ,,1
RRRRRWFWFW,,1
FLGWLFKWASK,,1
KKLLKKLLKWL,,1
KRFKKFFKKLK,,1
LKWLKKLLKKL,,1
WLKKLLKKLLK,,1
ILPILSLIGGLL,,1
LCYCRRRFCVCV,,1
LNWGAWLKHWWK,,1
PKLLKTFLKWIG,,1
TLLKKVLKAAAK,,1
FLKALFKVASKVL,,1
FLPIVGRLISGLL,,1
FLSIIAKVLGSLF,,1
GIWKSLFTKLLKG,,1
ILPWKWPFFPWRR,,1
KWKKLLKKLLKLL,,1
PKLLKKFLKKWIG,,1
RRWPWWPWKWPLI,,1
FCYCRRRFCVCVGR,,1
ICYCRRRFCVCVGR,,1
KRLFKELLFSLRKY,,1
RRRCPIVVIRVCRR,,1
FVDLKKIANIINSIF,,1
KKKLLLLLLLLLKKK,,1
KWKLFKKIGKVLKVL,,1
RRGWVLALYLRYGRR,,1
AAAKAALNAVLVGANA,,1
GGLFYVKHKEQQRKRF,,1
ILGKLLKTAAKLLSNL,,1
ILGKLLSTAAKLLSNL,,1
ILKKLLSTAAGLLSNL,,1
RGGRLCYCRRRFCVCF,,1
RGGRLCYCRRRFCVCW,,1
FLPVILPVIGKLLSGIL,,1
GALRGCWTKSYPPKPCK,,1
KWKLFKKIPKFLHLAKK,,1
FLFKLIPKAIKKLISKFK,,1
GLLGKLLKIAAKVGKKLL,,1
KLKKLLKKWLKLLKKLLK,,1
KNLRRIIRKIIHIIKKYG,,1
LLLKLLKLLLKLLLKLLK,,1
RGGGLCYCRRRFCVCVGR,,1
SWLRDIWDWLCEVLSDFK,,1
FFRLLFHGVHHGGGYLNAA,,1
GFKDLLKKAAKALVKTVLF,,1
IGKKFKRIVKRIKKWLRKL,,1
IGKLFKRIVQRIKKFLRNL,,1
KWAKKWKWFAKAAWKWYKK,,1
WKKVFKRLEKLFSKIWNWK,,1
AWNTYDYMKREHSLVKPYQG,,1
FLPIIAGMAAKVICAITKKC,,1
GLGSVFGRLARILGRVIPKV,,1
KWKSFIKKLLSKFLHSAKKF,,1
FALGAVTKLLPSLLCMITRKC,,1
GFMKYIGPLIPHAVKAIKKLI,,1
GFWGKLFKLGLHGIGLLHLHL,,1
GLFGKILGVGKKVLCGLSGMC,,1
KNWKGIAGMAKKLLGENWKLM,,1
KWKLFKKIAKKFAKAFVAEIM,,1
RWCVYAYVRSRGVLVRYRRCW,,1
RWCVYAYVRVRGVLVRYRRCW,,1
FFHHIFRAIVHVGKTIHRLVTG,,1
FFHHIFRPIVHVAKTIHRLVTG,,1
GFFALIPKIISSPLFKTLLSAV,,1
KKLFKKILKYLKKLFKKILKYL,,1
TIAMRAINNYRWRSKNQNTFLR,,1
GIGKFIHAAKKFGKLFIGEIMNS,,1
GIKEFAHSLGKFGKAFVGGILNQ,,1
GWRTLLKKAEVKTVGKLALKHYL,,1
KWKLFKKIFKCWRWQWRWKKLGA,,1
DSMGAVKLAKLLIDKMKCEVTKAC,,1
FLGALIKGAIHGGRFIHGMIQNHH,,1
FLPGLIKAAVGVGSTILCKITKKC,,1
FLPILAGLAAKLVPKVFCSITKKC,,1
FLPIVAGLAANFLPKIVCKITKKC,,1
FLPLIASLAANFVPKIFCKITKKC,,1
FLSTLLNVASNVVPTLICKITKKC,,1
GLKALKKVFKGIHKAIKLINKHVQ,,1
GLNALKKVFQGIHEAIKLINKHVQ,,1
RRWVRRVRRWVRRVVRVVRRWVRR,,1
FKRIVQRIKDFLRGIGKFLHSAKKF,,1
GFMSKVANFAKKFAKGGVNAIMNQK,,1
GIRKWFKKAAHVGKKVGKVALNAYL,,1
SMLSVLKNLGKVGLGFVACKINKKC,,1
KLKFKLKQ,,1
KFFKFFKFF,,1
WVLVLRLGY,,1
DAACAAHCLWR,,1
FLGWLFKWAWK,,1
KKLFKKILKFL,,1
KLLKKLLKWLK,,1
KRFKKFFKKPK,,1
LLKWLLKWLKK,,1
YKLFKKILKKL,,1
IWRIFRRIFRIF,,1
LCYCRRRFCWCV,,1
LNWKAILKHIIK,,1
RLCRIVVIRVCR,,1
CKLLKTFLSKWIC,,1
FLPLIGAVLSGIL,,1
FLSSIGKILGNLL,,1
FVQWFSKFLLRIL,,1
IFGAIWKGISSLL,,1
ILPLKLPLLPLRR,,1
ILPWKWPLLPWRR,,1
PKLLKTFLSKWIG,,1
TSRCIFYRRKKCS,,1
VRRYPWWWPYLRR,,1
FDLLGLVKSVVSAL,,1
HFLGTLVNLAKKIL,,1
INLKAITALAKKLL,,1
KRLFKKLKFSLRKY,,1
NFLGTLVNLAKKIL,,1
RRRLCPIVIRVCRR,,1
WSPQEEDRIIEGGI,,1
GLLALISWIKRKRQQ,,1
KLKLLKLLKLLKLLK,,1
LKLLKKLLKKLLKLL,,1
RRLCRIVWVIRVCRR,,1
VNWKKSLGKSIKVVK,,1
ALWKTLLKKVLKAAAK,,1
IISTIGDLVKWIIKTV,,1
ILGKLLSTAAGLLKNL,,1
RGGRLCYCRRRFCVCI,,1
FLSLIPKLVKKIIKAFK,,1
GFGSLLGKALKIGTNLL,,1
NGVQPKYRWWRWWRRWW,,1
GLLGKLLKIAAKVGSNLL,,1
GLLKKLLKIAAKVGKKLL,,1
KLLKKLLKLWKKLLKKLK,,1
KWKKLLKKLLKLLKKLLK,,1
LVRGCWTKSYPPKPCFVR,,1
RGGRLCYCRGWICFCVGR,,1
SAVGRHGRRFGLRKHRKH,,1
SWLRDLWDWLCEVLSDFK,,1
FFRLLFHGVHHVGKIKPRA,,1
GFKKLLKGAAKALVKTVLF,,1
IGKKFKRIVQRIKDFLRNL,,1
IGKLFKRIVQRILKFLRNL,,1
KWARLWRWFRITRWLWYIK,,1
FFGAIAAALPHVISAIKNAL,,1
FLPLILPSIVTALSSFLKQG,,1
FLSLALAALPKLFCLIFKKC,,1
GLLSKFGRLARKLARVIPKV,,1
LLSLALAALPKLFCLIFKKC,,1
KKFLHSAKKWLKAFVKLFKNW,,1
KNWKGIAGMAKKLLGKNWKLM,,1
KWKLFKKIFKRIVQRIKDFLR,,1
RSTEDIIKSISGGGFLNAMNA,,1
RWCVYAYVRVAGVLVRYRRCW,,1
RWCVYAYVRVRGVLGRYRRCW,,1
RWCVYAYVRVRGVRVRYRRCW,,1
TQTVYEWCGVATQLLAAYILL,,1
FFHHIFRAIVHVPKTIHRLVTG,,1
KLLKLLLKLLKLLLKLLLKLLK,,1
VFIDILDKMENAIHKAAQAGIG,,1
FLPVIAGAANFLPKLFCAISKKC,,1
GIGKFIHSAKKFGKLFVGEIMNS,,1
GKLIKKFGRKAISYAVKKARGKH,,1
GVGKFLHSAKKFGQALVSEIMKS,,1
KILRGVSKKIMRTFLRRILTGKK,,1
RIGVLLARLPKLFSLFKLMGKKV,,1
FFGTALKIAANVLPTAICKILKKC,,1
FLGLLFHGVHHVGKWIHGLIHGHH,,1
FLPAVLKVAAHILPTAICAISRRC,,1
FLPGLIKVAVGVGSTILCKITKKC,,1
FLPIVASLAANFLPKIICKITKKC,,1
FLPMLAGLAANFLPKIVCKITKKC,,1
FLPVLAGLTPSIVPKLVCLLTKKC,,1
FMGSALRIAAKVLPAALCQIFKKC,,1
FWGALAKGALKLIVSLFSSFSKKD,,1
GLKALKKVFQGIHKAIKLINNHVQ,,1
GLNALKKVFQGIHKAIKLINNHVQ,,1
FFGSLLSLGSKLLPSVFKLFQRKKE,,1
GFWTTAAEGLKKFAKAGLASILNPK,,1
GLASTIGSLLGKFAKGGAQAFLQPK,,1
MAADIISTIGDLVKLIINTVKKFQK,,1
KLLLKLLLK,,1
KKKKLFKLLQ,,1
NAGSLLSGWG,,1
FKLFKKILKFL,,1
FLKWLFKWAKK,,1
KKLFKKILKVL,,1
KLLKWLKKLLK,,1
KWLKKLLKKLL,,1
LLKWLLKWLLK,,1
ALWMTLLKKVLK,,1
KLFKRHLKWKII,,1
LRLKYRRFKYRV,,1
FIGAIARLLSKIF,,1
FLPLIGRVLSAIL,,1
FLSTIWNGIKSLL,,1
FVQWFSRFLGRIL,,1
IIPLPLGYFAKKT,,1
ILPLKWPWWPWRR,,1
ILPWKWPLWPWRR,,1
LLQWLSKLLGRLL,,1
RLCRIVPVIRVCR,,1
VRRFAWWWAFLRR,,1
FFPLALLCKVFKKC,,1
HFLKTLVNLAKKIL,,1
INLKALAALAKKIL,,1
LCYCRRRFCVCVGR,,1
RCYCRRRFCVCVGR,,1
TCYCRRRFCVCVGR,,1
YCYCRRRFCVCVGR,,1
KLLKLLLKLLLKLLK,,1
LKLLLLKLLKLKLWK,,1
VNRKKILGKSIKVVK,,1
VSWKKSLGKIIKVVK,,1
ALWMTLLKKVLKAAAK,,1
IISTIGKLVKWIIDTV,,1
ILGKLLSTAAGLLSKL,,1
ILGKLLSTAWGLLSNL,,1
FVDLKKIANIINSIFGK,,1
SAPRGCWTKSYPPKPCK,,1
GFFALIAKIISSPLFKTL,,1
GLLGPLLKIAAKVGKKLL,,1
GWKKWFTKGERLSQRHFA,,1
KWKKLLKKLLPLLKKLLK,,1
MDFIIDIIKKIVGLFTGK,,1
RGGRLCYCRPRFCVCVGR,,1
SWLRDIWDWICELLSDFK,,1
AKKVFKRLEKLFSKIWNWK,,1
GASLSFKILKTVLEALGNV,,1
GIGAVLKVLALISWIKRKR,,1
IGKKFKRIVQRIKKFLRNL,,1
ILKLFKRIVKRILKFLRKL,,1
KWASLWNWFNITNWLWYIK,,1
AKKVFKRLGIGAVLWVLTWG,,1
FVGAIAAALPHVISAIKNAL,,1
HYRIKPTFRRLKWKYKGKFW,,1
GFMKYIGPLIPHAVKAISKLI,,1
GLLGKILGVEKKVLCGLSGMC,,1
KKFLHSAKKWLKAFVKLKKNW,,1
KNWKKIAGMAKKLLKKNWKLM,,1
RWCVYAYGRVRGVLVRYRRCW,,1
RWCVYAYVRVRGGLVRYRRCW,,1
RWCVYAYVRVRGVLVRYRRCG,,1
RWCVYAYVRVRGVSVRYRRCW,,1
AFHHIFRGIVHVGKTIHRLVTG,,1
FFHHIFRPIVHVPKTIHRLVTG,,1
VWPLVIRTVIAGYNLYRAIKKK,,1
FLRFIGSVIHGIGHLVHHIGVAL,,1
GIGKFLHAAKKFAKAFVAEIMNS,,1
GLFGKSSVWGRKYYVDLAGCAKA,,1
GVSKILHSAGKFGKAFLGEIMKS,,1
KNWKGIAGMAKKLLGKNWELMEK,,1
RVKRVWPLVIRTVIAGYNLYRAI,,1
FFPIIAGMAAKLIPSLFCKITKKC,,1
FLGPIIKIATGILPTAICKFLKKC,,1
FLPIIAGAAAKVVEKIFCAISKKC,,1
FLPVLTGLTPSIVPKLVCLLTKKC,,1
GLNALKKFFQGIHEAIKLINNHVQ,,1
GLRSKIWLWVLLMIWQESNKFKKM,,1
FWGALAKGALKLIVGSLFSSFSKKD,,1
GVWTTILGGLKKFAKGGLEALTNPK,,1
KKLFKKILKYLTTGLPALISWKDEL,,1
SMLKVLKNLGKVGLGFVACKINKQC,,1
SMLSVLKNLGKVGLGFVASKINKQS,,1
WLKKW,,0
LKKWLK,,0
RRRWWW,,0
LKKWLKK,,0
KLKLKLKE,,0
RLYRKVYG,,0
WKSYVRRW,,0
LKWLKKWLK,,0
VDIHVWDGV,,0
FLPGLLAGLL,,0
KKKKLFLLKQ,,0
KKKLLFLKKQ,,0
KKLLLFKKKQ,,0
KLKKLFLKKQ,,0
KLLKLFKKKQ,,0
LKKLKFKKLQ,,0
LKLKLFKKKQ,,0
LLKLKFKKKQ,,0
CVDIHVWDGVC,,0
FQWQRNIRKVR,,0
KAACAAKCLWR,,0
KPLLKKLLKKL,,0
LCYCRRRFCVC,,0
WLGALFKVASK,,0
ILGKIWKIKKLF,,0
LCYCRFRRCVCV,,0
LCYTFRGRFVCV,,0
LRCKKRRWKCRV,,0
RCYARRRFAVCR,,0
WKSYVRRWRSRY,,0
AVIPPLRCKAAFC,,0
FKCKKVVISLRRY,,0
FLGALFKAVSKLL,,0
FLGVLFKVLSKLL,,0
FVGALFKALSKLL,,0
ILPKKKPWWPWRR,,0
ILPWKWPAAPARR,,0
KVFKRLEKLFSKI,,0
RAGLQFPVGRLLR,,0
VKKFPWWWPFLKK,,0
DLLGTLGNLPLPFI,,0
FVLPLVMCKILRKC,,0
INMKASAAVAKKLL,,0
KKTWWKTWWTKWKK,,0
KWKLFKKIPLAKKF,,0
AVVKVPLKKFKSIRE,,0
FKRLEKLFSKIQNDK,,0
GLPALISLIKRKRQQ,,0
GLPLLISWIKRKRQQ,,0
KKLFKKILKYLKDEL,,0
KWKLFKKIGKVLKKL,,0
TSRCYIGYRRKVVCS,,0
DLVKWIIDTVNKFTKK,,0
VVKCSYRLGSPDSRCN,,0
EWFKARRWQWRMKKLGA,,0
FLPLFLPKIICEITKKC,,0
FWGLKGLKGPGKFSKKL,,0
KKKKKKAAAAFWAAAAF,,0
KKTWWKTWWTKWSQPKK,,0
KWKFKKIPKFLHLAKKF,,0
LKGASKLIPHLLPSRQQ,,0
RLYRKVYGRLYRKVYGK,,0
ALYKKLLKKLLKSAKKLG,,0
GFFALIPKIISSPLFKTL,,0
GRIKRIRKKIKKLIKKLS,,0
KVAKQEKKKKKTGRAKRR,,0
KWKLFKKIPKFLHSAKKF,,0
LLIILRRRWRRQARARSR,,0
RGGRLAYCRRRFCVAVGR,,0
SWLRDIWDWKCEVLSDFK,,0
AKKVFKRLEKLFSKIQNDK,,0
CAKAKAKAGSGAKAKAKAC,,0
CVKVSVKVGSGVKVSVKVC,,0
GFKDLLKGAKKALVKTVLF,,0
KAYSTPRCKGLFRALMCWL,,0
RLYRRLYRRLYRRLYRKKK,,0
AKKVFKRLGIGAVLKVLTWG,,0
GANAAKKLATFAKKIFTAYW,,0
GLFRALLRLLRSLWRLLLRA,,0
KSLRPRCWIKIKFRCKSLKF,,0
KWKSFIKKLASKFLHSAKKF,,0
KWKSFIKKLTSKFLHSADKF,,0
NWCKRGRKQCKTHPHFVIPY,,0
GCRFCCNCCPNMSGCGVCCRF,,0
GSKKPVPIIYANRRTGKAQRM,,0
KKAFAAAAAFAAWAAFAKKKK,,0
KVVKQWPIGKVVKKVVKKVVK,,0
RVVRQWPIGRVVRRVVRRVVR,,0
GASLSFKILKTVLEALGNVKRK,,0
KKLFKKILKYLAGPAKFLHSAK,,0
TISQAEWFKARRWQWRMKKLGA,,0
GKKLFKKILKYLAGPAKFLHSAK,,0
QKAVLDCLKAAGSSLSKAAITAI,,0
SKKLFKKILKYLAGPAKFLHSAK,,0
DSHAKRHHGYKIKFHENHHSHRGY,,0
GILDTLKQFAKGVGKDLVKGAAQG,,0
VIPFVASVAAEMMQHIFCAASRKC,,0
GWASKIGQTLGKIAKVGLKELIQPK,,0
KKLFKKILKYLAGPAGIGKFLHSAK,,0
SWSSFFKKAAHSGKHVGKSASTHYL,,0
WLLKW,,0
RHARHD,,0
RWRWRW,,0
LLKWLKK,,0
RLYRRLYR,,0
RKKRRQRRR,,0
VDIHVWEGV,,0
CYCFRRFCVC,,0
GIIKKIIKKI,,0
KKLKKFKLLQ,,0
KKSYVRRWRS,,0
KLKLKFLKKQ,,0
KLLLKFKKKQ,,0
LKKKKFLLKQ,,0
LKKLKFKLKQ,,0
LKLLKFKKKQ,,0
LLLKKFKKKQ,,0
QKKIRVRLSA,,0
CYCRRRFCVCV,,0
GALFKVASKVL,,0
KRLRRVWRRWR,,0
LKKWLKKWLKK,,0
PKLKFLSKWIG,,0
KKTWWKTWWTKW,,0
LCYCRRRFCGCV,,0
LCYTFRPRFVCV,,0
LRLKKRRWKYRV,,0
RCYCRRRFCVCR,,0
YGRKKRRQRRRD,,0
FLGALAKALSKLL,,0
FLGALFKVVSKLL,,0
ILPKKWPKLPWRR,,0
ILPWKWPKLPWRR,,0
LFKEILEKIKAKL,,0
RLEKLFSKIQNDK,,0
VRRFAWWWPFLRR,,0
ECYCRRRFCVCVGR,,0
FLKPLFNAALKLLP,,0
HFLLTLVNKAKKIL,,0
KDLHTVVSAILQAL,,0
KRLFRRLLFSMKKY,,0
LGRVDIHVWDGVYI,,0
FIFPKKNIINSLFGR,,0
FKRLEKLFSKIWNWK,,0
GLPALISSIKRKRQQ,,0
GRKSAKKIGKRAKRI,,0
KKTWWKTWWTKWSQP,,0
VAIALKAAHYHTHKE,,0
FGPVIGLLSGILKSLL,,0
AKKKGKCKGPLKLVAKC,,0
FKDLKKIANIINSIFKK,,0
FLPLFLPKIICVITKKC,,0
GVVKVSRLKGESLRARL,,0
KWKKLLKKPLKLLKKLL,,0
GEKLKKIGKKIKNFFQKL,,0
GKKLKKIGQKIKNFFQKL,,0
GRLKRLRKKLKKLLKKLS,,0
KKKLFWKIPKFLHLAKKF,,0
KVANTVQKLKRKAKNAVA,,0
NALSMPRNKCNRALMCFG,,0
CLRIGMRGRELMGGIGKTM,,0
CVYAYVRVRGVLVRYRRCW,,0
GSKKPVPIIYCNRRKCQRM,,0
YVPPVQKPHPNGPKFPTFP,,0
GANLAKKFYTYINKFINYAW,,0
GLFTLIKCAYQLIAPTVACN,,0
IASKVANTVQKLKRKAKNAV,,0
KWKLFKKIGIGAVLKVLTTG,,0
KWKSFIKKLTSKFLHSAKKF,,0
KWKSFINKLTSKFLHSAKKF,,0
TLIWEFYHQILDEYNKENKG,,0
GLLSGILGAGKHIVCGLSGLC,,0
GSKKPVPIIYCNRRSGKCQRM,,0
KKFFLKVLTKIRCKVAGGCRT,,0
LCAIAKKKGKCKGPLKLVCKC,,0
DANVENGEDAEDLTDKFIGLMG,,0
KKLFKKILKYLKFLHSAKKDEL,,0
TISQPEWFKARRWQWRMKKLGA,,0
GSKKPVPIIYCNRRAATGKCQRM,,0
RIIDLLARVRRPQKPKFVTVWVR,,0
VEVQVRDKGKGIYGLSPLRQPAP,,0
DSHEKRHHGYKRKFHEKHHSHRGY,,0
AMPWRPATGLLPIKPTHIKPLCGDD,,0
GWGSFFKKAAHVGKHVAKAALTHYL,,0
KKLFKKILKYLAGPATTGLPALISW,,0
GIIKKI,,0
RKKWFW,,0
WKWKWK,,0
KWKWKWKW,,0
RRRRWFWF,,0
DEKGPKWKR,,0
RLYRRLYRK,,0
VDIHVWSGV,,0
CYCRRRFCVC,,0
INPKSVQSLL,,0
KKKLKFKLLQ,,0
KKLKLFKLKQ,,0
KLKKKFKKLQ,,0
KLKLLFKKKQ,,0
LKKKLFKKLQ,,0
LKKLLFKKKQ,,0
RLRKAVRLIK,,0
GFFALIPKIIS,,0
KKLFKKILKYL,,0
KSLRRVWRSWR,,0
RRWQWRMKKLG,,0
LAYCRRRFCVAV,,0
LCYCRRRFCTCV,,0
LTYCRRRFCVTV,,0
FAGAAFKALSKLL,,0
FLGALFKALSKLL,,0
FLGALVKALSKLL,,0
ILPLKLPWWPWRR,,0
ILPWKWPWAPARR,,0
LLKLLKWLLKLLK,,0
VRRFPAAAPFLRR,,0
EMLKKKEVKMERKT,,0
FLLFPLMCKIQGKC,,0
HFLLTLVNLAKKIK,,0
KFLGTLVNLAKKIL,,0
KRLFRRWQWRMKKY,,0
LKLGTLVNLAKKIL,,0
LKWKSIVSWAKKVL,,0
AKKVFKRLEKLFSKI,,0
FKCRRWQWRMKKLGA,,0
FKRLKKLFKKIWNWK,,0
GLPALISWIKRKRQQ,,0
GSPALISWIKRKRQQ,,0
GCSRWIIGIHGQICRD,,0
RAGLKFPVGRVHRLLR,,0
AKKVFKRLEKLFSKIQN,,0
FKKLKKIANIINSIFKK,,0
FLSLIPSLVGGSISAFK,,0
HKCAKIKWRGVHVKYCA,,0
KKKKKKAAFAAWAAFAA,,0
KVANTVQKLKRKAKNAV,,0
KWKLFKKIKFLHSAKKF,,0
RAGLQFPVGRVHRLLRK,,0
RRRAAFAAWAAFAARRR,,0
GLLKPLLKIAAKVGSNLL,,0
HLNKRVQRELIGWLDWLK,,0
KKLKKLLKKWKKLLKKLK,,0
KWKKLLKKPLKLLKKLLK,,0
NALSSPRNKCDRASSCFG,,0
SKVGRHLRRFGHRAHRKL,,0
SWLRDLWDWLCELLSDFK,,0
AKKVFKRLEKLFSKIWNDK,,0
CVKVKVKVGSGVKVKVKVC,,0
FLPIVENCSLVCWENNQKC,,0
KGRGKQGGKVRAKAKTRSS,,0
AALKGCWTKSIPPKPCFGKR,,0
GATYAKKIIKTITKIATTAW,,0
GSKKPVPIIYCNRRGKCQRM,,0
KWKSFIKKLTKKFLHSAKKF,,0
KWKSFIKKLTSKFLHSAKKN,,0
MAARAARLAARLARLALRAL,,0
VGKTWIKVIRGIGKSKIKWQ,,0
GLLSGILGAGKHIVCGLSGLR,,0
KKLFKKILKYLGIGKFLHSAK,,0
RAGLQWPIGRLLRRLLRRLLR,,0
RWCVYRYVRVRGVLVRYRRCW,,0
DVNDLKNLCAKTHNLLPMCAMF,,0
GWGSFFKKAAHVGKHVGKAALT,,0
QPTRRPRPGTGPGRRPRPRPRP,,0
GIGKFLHSAGKFGKAFLGEVMKS,,0
GVVDILKGAAKDLAGHLKVMNKL,,0
RIIDLLWRVRRPQKPKFVTVAVR,,0
WNPFKELERAGQRIRDSIISAAP,,0
FLGALFKVASKVLPSVFCAITKKC,,0
AWASFFKKAAHVGKHVGKAALTHYL,,0
RRRFFF,,0
KWLKKWL,,0
FKRLEKLF,,0
LKLKLKLQ,,0
TFRRLKWK,,0
RRWQWRMKK,,0
VEIHVWEGV,,0
ELLKAVRLIK,,0
KKKKKFKKLQ,,0
KKKLKFLKLQ,,0
KKLKLFLKKQ,,0
KLKKKFLKLQ,,0
LKKKKFKKLQ,,0
LKKKLFKLKQ,,0
LKLKKFKLKQ,,0
LLKKKFLKKQ,,0
LSPAAMASLA,,0
WKSYVRRWRS,,0
GRRRRSVQWCA,,0
KSLVRRWRSRW,,0
LLKWLKKWLKK,,0
WKLFKKILKVL,,0
FLPVLAGVLSRA,,0
LCLKKRRWKYCV,,0
LCYCRRRFCYCV,,0
LCYTRPRFTVCV,,0
PKLKTFLSKWIG,,0
WCPPMIPLCSRF,,0
FLGALFKALSKLV,,0
FLGAVFKALSKLL,,0
FMPIIGRLMSGSL,,0
ILPAKAPAAPARR,,0
ILPWKAPAAPARR,,0
ILPWKWPWLPWKK,,0
KWKLFKKIPKFLH,,0
PKVTITIQGSARF,,0
RRWPLKPWKKPLI,,0
VRRFPFFFPFLRR,,0
FDLLGLVKKVASAL,,0
FLPPSPWKETFRTS,,0
GRILSFIKGLAEHL,,0
HFLLTLVNLAKKKL,,0
KKKKPLFGLFFGLF,,0
KWKKLLKKPLKLKL,,0
LKLKNIVSWAKKVL,,0
AKKVFKRLRKLFKKI,,0
FKCWRWQWRWKKLGA,,0
FKRLKKLFSKIWNWK,,0
GLPALISWSKRKRQQ,,0
KWKKFKKIGKVLKVL,,0
KWKLFKKLPLIGRVL,,0
NWCKRGRKQCKTHPH,,0
CLMARPNYRCKIFKQC,,0
KWCFRVCYRGICYRRC,,0
ENMFNIKSSVESDSFWG,,0
FKLFKKIPKFLHLAKKF,,0
FVDLKKIANIINSIFKK,,0
KGCALVKVRGLTLKVCK,,0
KKKKKKAAFAAWAAFDA,,0
KVFKRLEKLFSKIQNDK,,0
LGRVDIHVWDAVYIRGR,,0
RGLRRLGRKIAHGVKKY,,0
WKLFKKIPKFLHLAKKF,,0
GEKLKKIGQKIKNFFKKL,,0
GNNRPVYIPQPRPPHPRL,,0
KAKLFKKIPKFLHLWKKF,,0
KKVADKVLLLKQLRIMRL,,0
LLIILRRRWRKQAKAKSK,,0
NILSSIANGINRALSFFG,,0
SKVWRHWRRFWHRAHRKK,,0
AKKVFKRLEKSFSKIQNDK,,0
CVKVQVKVGSGVKVQVKVC,,0
GFKDLLKGAAKALKKTVLF,,0
IRPVPFFPPVHAKKVFPLH,,0
KKAAHVGKHVGKAALTHYL,,0
AKKVFKRLGIGAVLKVLKKG,,0
GIKIAKKAITIAKKIAKIYW,,0
GSKKPVPIIYCNRRTKCQRM,,0
KFKSFIKKLTSKFLHSAKKF,,0
KWKLFKKIGPGKFLHSAKKF,,0
KWKSFIKKLTSKALHSAKKF,,0
KWKSFIKKLTSKFLHSANKF,,0
MASRAAGLAARLARLALRAL,,0
APFCLGYLSPKLKDMEPKPRG,,0
IASKVANTVQKLKRKAKNAVA,,0
SIGRRGGYCAGIIKQTCTCYR,,0
KDWEHLKDWEHLKDWEHLKDEL,,0
GIGKFLHSAGKFGKAFVGEIMKS,,0
IKSIASKVANTVQKLKRKAKNAV,,0
WNPFKELERAGQRVRDAIISAAP,,0
ISSPLFKTLLSAVGSALSSSGGQE,,0
KWKKLLKKLLKLPKKLLKKLKKLLK,,0
RRWFW,,0
KWKWKW,,0
RRRWFW,,0
KWLLKWL,,0
KIRVRLSA,,0
LLKKLLKK,,0
KKWLKKWLK,,0
VDIHVWAGV,,0
WKSYVRRWR,,0
ELSKAVRLIK,,0
KKKKKFLLLQ,,0
KKKLLFKLKQ,,0
KKLLKFKLKQ,,0
KLKKKFLLKQ,,0
KLLKKFLKKQ,,0
LKKKLFLKKQ,,0
LKLKKFLKKQ,,0
LLKKLFKKKQ,,0
LSPAVMASLA,,0
AINPKSVQSLL,,0
KAACAAHCLWR,,0
KVFKRLEKLFS,,0
LRRLWLRANRL,,0
WKSYVRRWRSR,,0
HPLKQYWWRPSI,,0
LCYARRRFAVCV,,0
LCYCRRRRCVCV,,0
ALWKTLLKKVLKA,,0
FLGALFKALSKVL,,0
FMPILSCSRFKRC,,0
ILPWKWKFFPWRR,,0
ILPWKWPWLPWRR,,0
KWKLFKKIPLKKF,,0
PLYKKIIKKLLES,,0
TGRAKRRMQYNRR,,0
VRRFPYYYPFLRR,,0
FKCRRWQWRMKKLG,,0
HFKGTLVNLAKKIL,,0
KKPWWKPWWPKWKK,,0
KWKLFKKIPKFLHL,,0
LKLKSIVSAAKKVL,,0
VHVPPICSHRECRK,,0
WKKIPKFLHLLKKF,,0
FRKSKEKIGKEFKRI,,0
GLPALSSWIKRKRQQ,,0
KKLFKKILKYLAGPA,,0
KWKLKPLLKKLLKKL,,0
DCTRWIIGINGRICRD,,0
KWFKKIPKFLHLAKKF,,0
EWFKARRWGWRMKKLQA,,0
KWCRKWQWRGVKFIKCV,,0
LGRVDIHVWDGVYIRGR,,0
RKLRRLKRKIAHKVKKY,,0
ALYKKIIKKLLESAKKLG,,0
GEKLKKIGQKIKNFFQKL,,0
GRFKRFRKKFKKLFKKLS,,0
KDWEHLKDWEHLKDWEHL,,0
KWKLFKKIPKFLHLAKKF,,0
LLIILRRRWRKQARARSK,,0
RGGRLAYARRRFAVAVGR,,0
SWLRDIWDWECEVLSDFK,,0
WLNALLKKGLNCAKGVLA,,0
CVKVRVKVGSGVKVRVKVC,,0
GFKDLLKGAAKALVKTVKF,,0
QPEWFKARRWQWRMKKLGA,,0
AKKVFKRLGIGAVLKVLTTG,,0
GANAAKKFATIAKKFINYLW,,0
GLARALTRLLRQLTRQLTRA,,0
GWANTLKNVAGGLCKITGAA,,0
KRIVQRIKDFLRNLVPRTES,,0
KWKSFIKKAKTSFLHSAKKF,,0
KWKSFIKKLTSKFLHLAKKF,,0
KWKSFIKKLTSKFLHSKKKF,,0
MASRAARLAARLARLALRAL,,0
FLNALKNFAKTAGKRLKSLLN,,0
GMASKAGAIAGKIAKVALKAL,,0
KEKLKLKCKAPKCYNDKLACT,,0
KLLKQWPIGKLLKKLLKKLLK,,0
RSCVYAYVRVRGVLVRYRRCW,,0
FFGHLYRGITSVVKHVHGLLSG,,0
KFHHIFRGIKHVGKTIHRLVTG,,0
TASQAEWFKARRWQWRMKKLGA,,0
GIGKFLHSAKKFGKAFVGEIMNS,,0
KGFFALIPKIISSPLFKTLLSAV,,0
RMKKLGNHKVSCERNTKRCRKAI,,0
DSHAKRHHGYKIKFHEKHHSLRGY,,0
VIPFVASVAAEMMHHVYCAASKRC,,0
GILDTLKQFAKGVGKDLVKGAAQGV,,0
KKAAAFAAAAAFAAWAAFAAAKKKK,,0
RWRSFFKKAAHRGKHVGKRARTHYL,,0
