sequence,amp_score,length
KKRRIIII,0.9825,8
KRKKKIIIII,0.9567,10
KKRKKIIII,0.9803,9
KRRKIII,0.9603,7
KKRKKIIII,0.9803,9
KKRRKIII,0.9676,8
WKKKKRII,0.9725,8
KRRRKIIIIII,0.9886,11
KKRRIIII,0.9825,8
KKRIIIII,0.9814,8
LKKRIIIII,0.9763,9
WKKKKRKIIII,0.6517,11
KKKRRKKK,0.7265,8
KKRKKIII,0.9872,8
WKKRKKIII,0.9545,9
KKKKKRRI,0.9849,8
WKKKKRRRRKKII,0.9934,13
KKRKIIII,0.9893,8
KRRKKIII,0.9880,8
KKRIIIII,0.9814,8
KKRKKIIII,0.9803,9
KKRRIIII,0.9825,8
KKKRIIIII,0.9157,9
KKRRKIII,0.9676,8
KKRRRIII,0.9374,8
KKRRRKIIII,0.9875,10
KKKRIIIII,0.9157,9
KKRRKKIIII,0.1479,10
KKRRKIIII,0.9757,9
KKRRRKKKIIII,0.6042,12
KRRKIIIIIII,0.9819,11
KKKRIIIIK,0.9840,9
KRRKKIII,0.9880,8
KKRRRIIII,0.9356,9
KKKKKIIII,0.9223,9
KRRKKIIII,0.9854,9
KKRRRKIII,0.9533,9
KRRKIII,0.9603,7
KKRRIIII,0.9825,8
WRRRKIIIK,0.9883,9
KKRRIIIII,0.9675,9
KRRKKIII,0.9880,8
KRRKIIII,0.9923,8
KKRKIII,0.9006,7
KKKRIIIII,0.9157,9
KKRRRIIII,0.9356,9
KKRKKIKKIII,0.3120,11
KKRKKIIK,0.9648,8
KKRRIIIIII,0.3121,10
KRRRRRKI,0.4821,8
KRRKIIII,0.9923,8
KKRRKIIII,0.9757,9
KRRKIIII,0.9923,8
KRRRIIIII,0.9902,9
KKRRKIIII,0.9757,9
KKRRIIII,0.9825,8
RRRRKIIIII,0.9934,10
KRRKIIII,0.9923,8
KRRKKIII,0.9880,8
KKRRIIIII,0.9675,9
KKRKKIII,0.9872,8
KKRRIIIII,0.9675,9
KKRRIIII,0.9825,8
KRRKIIII,0.9923,8
KKRRIIIII,0.9675,9
WKRRKIIIK,0.9805,9
KKKRIIIII,0.9157,9
KKRKIII,0.9006,7
KKRRIIII,0.9825,8
KKKRIIIII,0.9157,9
KKRRKIIIII,0.7889,10
KKRRIIIIII,0.3121,10
KKKRRKIIII,0.0474,10
KKKRRKIIII,0.0474,10
KKRRKIIIIII,0.5591,11
KKRRIIII,0.9825,8
KKRRIIIII,0.9675,9
KKKKKIIII,0.9223,9
KKRRIIIIIII,0.5416,11
KKRRIIIII,0.9675,9
KKRKIIIII,0.9567,9
KKRRKIIII,0.9757,9
KKKRIIIIII,0.0524,10
KKRRIIIK,0.9201,8
WSRIIIIIIII,0.9859,11
KKRKKIII,0.9872,8
KKRRKIIII,0.9757,9
KKRRIIII,0.9825,8
KKRRIIII,0.9825,8
KRRRIIIIIII,0.9854,11
KKKRIIIKKII,0.3780,11
KKRRKIIII,0.9757,9
KKRKIIII,0.9893,8
KKRRRIIII,0.9356,9
KKRRIIIII,0.9675,9
KRRKKIII,0.9880,8
KKRKKIIIII,0.8548,10
RRRRKKIIIIKII,0.8361,13
VKKKKIIIIKKKII,0.9957,14
KKRRIIIII,0.9675,9
